dist,n_clients,n_products,n_segments,displace_func,uncertaint_type,rp_ldr,rp_pwldr_uniform,rp_pwldr,eev_ldr,eev_pwldr_uniform,eev_pwldr,ws,opt_time
"Unif 10,90",2,2,2,black_box,demand,6888.396907066348,6888.396907066348,6765.85588033463,6902.145962595807,6902.145962595807,6782.97759727479,6327.029368251557,0.7189998626708984
"Unif 10,90",2,2,2,black_box,cost,3667.1475611713627,3558.667498420029,-15774.233538530008,3687.098199756488,3682.3414539539503,95854.25564361921,5314.670906693376,0.945000171661377
"Unif 10,90",2,2,2,ls_independent,demand,6888.396907066348,6888.396907066348,6764.584935438903,6902.145962595807,6902.145962595807,6783.185872136569,6327.029368251557,0.13100004196166992
"Unif 10,90",2,2,2,ls_independent,cost,3667.1475611713627,3558.667498420029,-27898.093513167398,3687.098199756488,3682.3414539539503,23643.27664877738,5314.670906693376,0.4830000400543213
"Unif 10,90",2,2,2,ls_dependent,demand,6888.396907066348,6888.396907066348,6764.584935438903,6902.145962595807,6902.145962595807,6783.185872136569,6327.029368251557,0.07599997520446777
"Unif 10,90",2,2,2,ls_dependent,cost,3667.1475611713627,3558.667498420029,-162.21123917509476,3687.098199756488,3682.3414539539503,372.7777094249414,5314.670906693376,0.5820000171661377
"Unif 10,90",2,2,3,black_box,demand,6888.396907066348,6805.415765713672,6765.31613909163,6902.145962595807,6830.081928300485,6784.658062332938,6327.029368251557,0.3080000877380371
"Unif 10,90",2,2,3,black_box,cost,3667.1475611713627,3549.924343849788,-6503.503704222174,3687.098199756488,3643.622947558207,1727.3110178028248,5314.670906693376,1.805999994277954
"Unif 10,90",2,2,3,ls_independent,demand,6888.396907066348,6805.415765713672,6764.592343738281,6902.145962595807,6830.081928300485,6783.01391096538,6327.029368251557,0.06700015068054199
"Unif 10,90",2,2,3,ls_independent,cost,3667.1475611713627,3549.924343849788,-7141.85408377125,3687.098199756488,3643.622947558207,3658.9239934553525,5314.670906693376,1.062000036239624
"Unif 10,90",2,2,3,ls_dependent,demand,6888.396907066348,6805.415765713672,6764.592343738281,6902.145962595807,6830.081928300485,6783.01391096538,6327.029368251557,0.029999971389770508
"Unif 10,90",2,2,3,ls_dependent,cost,3667.1475611713627,3549.924343849788,-235972.99166847992,3687.098199756488,3643.622947558207,37913.34824532675,5314.670906693376,1.1060001850128174
"Unif 10,90",2,2,4,black_box,demand,6888.396907066348,6769.844318425988,6765.131745974778,6902.145962595807,6790.3983096510965,6782.764203137984,6327.029368251557,0.44300007820129395
"Unif 10,90",2,2,4,black_box,cost,3667.1475611713627,3501.384102361305,-25485.983978503118,3687.098199756488,3750.953933621175,63016.4098730124,5314.670906693376,3.006999969482422
"Unif 10,90",2,2,4,ls_independent,demand,6888.396907066348,6769.844318425988,6764.592915286719,6902.145962595807,6790.3983096510965,6783.037526117996,6327.029368251557,0.11899995803833008
"Unif 10,90",2,2,4,ls_independent,cost,3667.1475611713627,3501.384102361305,-6071.003238583849,3687.098199756488,3750.953933621175,8401.331485093466,5314.670906693376,2.4129998683929443
"Unif 10,90",2,2,4,ls_dependent,demand,6888.396907066348,6769.844318425988,6764.592915286719,6902.145962595807,6790.3983096510965,6783.037526117996,6327.029368251557,0.08300018310546875
"Unif 10,90",2,2,4,ls_dependent,cost,3667.1475611713627,3501.384102361305,-1.1378752712557357e7,3687.098199756488,3750.953933621175,1.4262796269176165e7,5314.670906693376,2.424999952316284
"Unif 10,90",2,2,5,black_box,demand,6888.396907066348,6766.522804493651,6764.611056094645,6902.145962595807,6785.36605329309,6783.215331302455,6327.029368251557,0.5350000858306885
"Unif 10,90",2,2,5,black_box,cost,3667.1475611713627,-486.40000000000146,-3743.0284709767584,3687.098199756488,610.3333401678333,676.0580492859477,5314.670906693376,3.9579999446868896
"Unif 10,90",2,2,5,ls_independent,demand,6888.396907066348,6766.522804493651,6764.584420166366,6902.145962595807,6785.36605329309,6783.203853386586,6327.029368251557,0.11999988555908203
"Unif 10,90",2,2,5,ls_independent,cost,3667.1475611713627,-486.40000000000146,-201266.39448323316,3687.098199756488,610.3333401678333,322766.9256030876,5314.670906693376,4.771000146865845
"Unif 10,90",2,2,5,ls_dependent,demand,6888.396907066348,6766.522804493651,6764.584420166366,6902.145962595807,6785.36605329309,6783.203853386586,6327.029368251557,0.10599994659423828
"Unif 10,90",2,2,5,ls_dependent,cost,3667.1475611713627,-486.40000000000146,-1822.4127884110035,3687.098199756488,610.3333401678333,1211.94467073264,5314.670906693376,7.499000072479248
"Unif 10,90",3,2,2,black_box,demand,8218.11390112017,7887.1045033801665,7842.86988616951,8175.4329169527855,7834.9334493970855,7797.612109289794,7141.785782992716,0.4049999713897705
"Unif 10,90",3,2,2,black_box,cost,4341.442977712554,4221.370070418836,-22568.21337432348,4362.56749629466,4363.431318303731,52939.73690653456,6178.929966342879,2.0899999141693115
"Unif 10,90",3,2,2,ls_independent,demand,8218.11390112017,7887.1045033801665,7826.822692351692,8175.4329169527855,7834.9334493970855,7781.336651467735,7141.785782992716,0.12899994850158691
"Unif 10,90",3,2,2,ls_independent,cost,4341.442977712554,4221.370070418836,-10559.895214138873,4362.56749629466,4363.431318303731,3683.5811838589193,6178.929966342879,1.2190001010894775
"Unif 10,90",3,2,2,ls_dependent,demand,8218.11390112017,7887.1045033801665,7826.377545684898,8175.4329169527855,7834.9334493970855,7779.748212103978,7141.785782992716,0.10800004005432129
"Unif 10,90",3,2,2,ls_dependent,cost,4341.442977712554,4221.370070418836,-11168.071848531144,4362.56749629466,4363.431318303731,3182.4294790191257,6178.929966342879,1.246000051498413
"Unif 10,90",3,2,3,black_box,demand,8218.11390112017,7891.320659403305,7829.20250054897,8175.4329169527855,7856.933164903545,7785.361375848105,7141.785782992716,0.6180000305175781
"Unif 10,90",3,2,3,black_box,cost,4341.442977712554,4208.927909886389,-4110.414688941487,4362.56749629466,4331.46494752232,1784.3234370833036,6178.929966342879,3.989000082015991
"Unif 10,90",3,2,3,ls_independent,demand,8218.11390112017,7891.320659403305,7826.393196623706,8175.4329169527855,7856.933164903545,7779.9698953391535,7141.785782992716,0.2070000171661377
"Unif 10,90",3,2,3,ls_independent,cost,4341.442977712554,4208.927909886389,-1525.0081233431251,4362.56749629466,4331.46494752232,2760.28763469158,6178.929966342879,3.4000000953674316
"Unif 10,90",3,2,3,ls_dependent,demand,8218.11390112017,7891.320659403305,7826.393196623706,8175.4329169527855,7856.933164903545,7779.9698953391535,7141.785782992716,0.0970001220703125
"Unif 10,90",3,2,3,ls_dependent,cost,4341.442977712554,4208.927909886389,-8484.562682089034,4362.56749629466,4331.46494752232,13409.40783751461,6178.929966342879,7.753999948501587
"Unif 10,90",3,2,4,black_box,demand,8218.11390112017,7834.674392482462,7827.119775062211,8175.4329169527855,7790.747901120919,7781.529729355876,7141.785782992716,0.994999885559082
"Unif 10,90",3,2,4,black_box,cost,4341.442977712554,4154.200910977023,-396.8503588669224,4362.56749629466,4424.022025106908,67.7920644556106,6178.929966342879,7.315000057220459
"Unif 10,90",3,2,4,ls_independent,demand,8218.11390112017,7834.674392482462,7826.373453679554,8175.4329169527855,7790.747901120919,7780.039443270353,7141.785782992716,0.2990000247955322
"Unif 10,90",3,2,4,ls_independent,cost,4341.442977712554,4154.200910977023,-10644.313332880181,4362.56749629466,4424.022025106908,12826.74846673248,6178.929966342879,6.877999782562256
"Unif 10,90",3,2,4,ls_dependent,demand,8218.11390112017,7834.674392482462,7826.373453679554,8175.4329169527855,7790.747901120919,7780.039443270353,7141.785782992716,0.20600008964538574
"Unif 10,90",3,2,4,ls_dependent,cost,4341.442977712554,4154.200910977023,-2728.3843792837215,4362.56749629466,4424.022025106908,19650.391557013812,6178.929966342879,7.363999843597412
"Unif 10,90",3,2,5,black_box,demand,8218.11390112017,7833.977233950879,7829.116800028093,8175.4329169527855,7790.960361040677,7781.308545244922,7141.785782992716,1.2410001754760742
"Unif 10,90",3,2,5,black_box,cost,4341.442977712554,-37.337374974208274,-87256.72534345076,4362.56749629466,150.17417913246402,102249.34160525695,6178.929966342879,9.698999881744385
"Unif 10,90",3,2,5,ls_independent,demand,8218.11390112017,7833.977233950879,7826.359090492774,8175.4329169527855,7790.960361040677,7779.927388927383,7141.785782992716,0.5729999542236328
"Unif 10,90",3,2,5,ls_independent,cost,4341.442977712554,-37.337374974208274,-21238.728481527847,4362.56749629466,150.17417913246402,31055.74340919417,6178.929966342879,16.322999954223633
"Unif 10,90",3,2,5,ls_dependent,demand,8218.11390112017,7833.977233950879,7826.359090492774,8175.4329169527855,7790.960361040677,7779.927388927383,7141.785782992716,0.3599998950958252
"Unif 10,90",3,2,5,ls_dependent,cost,4341.442977712554,-37.337374974208274,-351.6740456649412,4362.56749629466,150.17417913246402,130.20321877393613,6178.929966342879,27.091000080108643
"Unif 10,90",4,2,2,black_box,demand,10517.675766764853,10517.675766764849,10452.908500919924,10474.47201878989,10474.47201878989,10418.086378994898,9216.71864411767,0.7200000286102295
"Unif 10,90",4,2,2,black_box,cost,4832.825602539518,4663.185233526642,-437.6224790759652,4832.171991529591,4828.181664706237,554.8666332794493,6941.877735866522,3.5930001735687256
"Unif 10,90",4,2,2,ls_independent,demand,10517.675766764853,10517.675766764849,10445.345471508304,10474.47201878989,10474.47201878989,10413.038709484224,9216.71864411767,0.2799999713897705
"Unif 10,90",4,2,2,ls_independent,cost,4832.825602539518,4663.185233526642,-30.43841729716158,4832.171991529591,4828.181664706237,323.65552384949257,6941.877735866522,2.7660000324249268
"Unif 10,90",4,2,2,ls_dependent,demand,10517.675766764853,10517.675766764849,10445.345471508304,10474.47201878989,10474.47201878989,10413.038709484224,9216.71864411767,0.11800003051757812
"Unif 10,90",4,2,2,ls_dependent,cost,4832.825602539518,4663.185233526642,-138.33433607299565,4832.171991529591,4828.181664706237,1567.2968910800892,6941.877735866522,3.3269999027252197
"Unif 10,90",4,2,3,black_box,demand,10517.675766764853,10517.675766764849,10445.418429669744,10474.47201878989,10474.47201878989,10413.02239862728,9216.71864411767,1.2579998970031738
"Unif 10,90",4,2,3,black_box,cost,4832.825602539518,4673.944996223651,-2986.575169423447,4832.171991529591,4731.4196926587465,2274.1193042485747,6941.877735866522,7.171000003814697
"Unif 10,90",4,2,3,ls_independent,demand,10517.675766764853,10517.675766764849,10445.345248360332,10474.47201878989,10474.47201878989,10413.059127072062,9216.71864411767,0.39499998092651367
"Unif 10,90",4,2,3,ls_independent,cost,4832.825602539518,4673.944996223651,-170632.4792728721,4832.171991529591,4731.4196926587465,10922.042520103076,6941.877735866522,8.983000040054321
"Unif 10,90",4,2,3,ls_dependent,demand,10517.675766764853,10517.675766764849,10445.34524836033,10474.47201878989,10474.47201878989,10413.05912707206,9216.71864411767,0.5590000152587891
"Unif 10,90",4,2,3,ls_dependent,cost,4832.825602539518,4673.944996223651,-552.167110911752,4832.171991529591,4731.4196926587465,301.4487201093844,6941.877735866522,17.263000011444092
"Unif 10,90",4,2,4,black_box,demand,10517.675766764853,10517.67576676485,10433.645210400718,10474.47201878989,10474.47201878989,10393.462679634433,9216.71864411767,1.8540000915527344
"Unif 10,90",4,2,4,black_box,cost,4832.825602539518,4606.870585902383,-6296.984948571465,4832.171991529591,4896.0079223030125,3896.3191484506924,6941.877735866522,12.585999965667725
"Unif 10,90",4,2,4,ls_independent,demand,10517.675766764853,10517.67576676485,10430.382838462558,10474.47201878989,10474.47201878989,10393.00511101618,9216.71864411767,1.246000051498413
"Unif 10,90",4,2,4,ls_independent,cost,4832.825602539518,4606.870585902383,-10533.09325028609,4832.171991529591,4896.0079223030125,3008.513374674227,6941.877735866522,14.76799988746643
"Unif 10,90",4,2,4,ls_dependent,demand,10517.675766764853,10517.67576676485,10430.381963273254,10474.47201878989,10474.47201878989,10392.891469286118,9216.71864411767,0.9300000667572021
"Unif 10,90",4,2,4,ls_dependent,cost,4832.825602539518,4606.870585902383,-18703.583644695533,4832.171991529591,4896.0079223030125,33482.17873230636,6941.877735866522,25.585000038146973
"Unif 10,90",4,2,5,black_box,demand,10517.675766764853,10508.008379684352,10406.284486815966,10474.47201878989,10472.825916053605,10372.456579869466,9216.71864411767,2.4789998531341553
"Unif 10,90",4,2,5,black_box,cost,4832.825602539518,-37.337374974208274,-2937.7561103940743,4832.171991529591,137.0809570826864,514.3716449381136,6941.877735866522,18.514000177383423
"Unif 10,90",4,2,5,ls_independent,demand,10517.675766764853,10508.008379684352,10394.220152408077,10474.47201878989,10472.825916053605,10361.35712087185,9216.71864411767,3.26200008392334
"Unif 10,90",4,2,5,ls_independent,cost,4832.825602539518,-37.337374974208274,-89717.67641495029,4832.171991529591,137.0809570826864,75015.15255227787,6941.877735866522,35.67999982833862
"Unif 10,90",4,2,5,ls_dependent,demand,10517.675766764853,10508.008379684352,10394.215397952326,10474.47201878989,10472.825916053605,10361.123778333256,9216.71864411767,1.6349999904632568
"Unif 10,90",4,2,5,ls_dependent,cost,4832.825602539518,-37.337374974208274,-5160.382494956009,4832.171991529591,137.0809570826864,7439.695450087598,6941.877735866522,48.15499997138977
"Unif 10,90",5,2,2,black_box,demand,11956.271477881057,11954.006407475732,11704.370432971142,11977.527666157599,11975.47526531219,11745.207371595283,10548.660695561213,1.2579998970031738
"Unif 10,90",5,2,2,black_box,cost,6855.619600119153,6610.578110693725,-9731.587941556154,6832.363353573238,6817.576697153218,5488.167629197084,9722.044334378535,6.186000108718872
"Unif 10,90",5,2,2,ls_independent,demand,11956.271477881057,11954.006407475732,11667.25946443066,11977.527666157599,11975.47526531219,11706.71685678613,10548.660695561213,0.7410001754760742
"Unif 10,90",5,2,2,ls_independent,cost,6855.619600119153,6610.578110693725,-16203.418272437193,6832.363353573238,6817.576697153218,21518.078448385782,9722.044334378535,5.796000003814697
"Unif 10,90",5,2,2,ls_dependent,demand,11956.271477881057,11954.006407475732,11667.25946443066,11977.527666157599,11975.47526531219,11706.71685678613,10548.660695561213,0.23600006103515625
"Unif 10,90",5,2,2,ls_dependent,cost,6855.619600119153,6610.578110693725,-150577.9065469804,6832.363353573238,6817.576697153218,34957.41524239249,9722.044334378535,11.04099988937378
"Unif 10,90",5,2,3,black_box,demand,11956.271477881057,11777.389001305697,11717.231324782442,11977.527666157599,11811.034508411629,11752.353872101461,10548.660695561213,2.116999864578247
"Unif 10,90",5,2,3,black_box,cost,6855.619600119153,6626.120332704211,-435.67982678591665,6832.363353573238,6656.81171947717,480.33537987977803,9722.044334378535,13.259000062942505
"Unif 10,90",5,2,3,ls_independent,demand,11956.271477881057,11777.389001305697,11702.261752386044,11977.527666157599,11811.034508411629,11739.269017011877,10548.660695561213,1.8389999866485596
"Unif 10,90",5,2,3,ls_independent,cost,6855.619600119153,6626.120332704211,-5136.850681575024,6832.363353573238,6656.81171947717,2444.78890773633,9722.044334378535,19.122999906539917
"Unif 10,90",5,2,3,ls_dependent,demand,11956.271477881057,11777.389001305697,11702.261752386037,11977.527666157599,11811.034508411629,11739.269017011873,10548.660695561213,1.693000078201294
"Unif 10,90",5,2,3,ls_dependent,cost,6855.619600119153,6626.120332704211,-6349.3933351439755,6832.363353573238,6656.81171947717,1374.8744365079294,9722.044334378535,28.593000173568726
"Unif 10,90",5,2,4,black_box,demand,11956.271477881057,11717.694799770714,11681.260586754015,11977.527666157599,11761.854832834219,11722.293668518927,10548.660695561213,3.9099998474121094
"Unif 10,90",5,2,4,black_box,cost,6855.619600119153,6529.232937898977,-101642.99353552012,6832.363353573238,6913.070378494364,19169.759528183626,9722.044334378535,22.253999948501587
"Unif 10,90",5,2,4,ls_independent,demand,11956.271477881057,11717.694799770714,11667.207020244945,11977.527666157599,11761.854832834219,11706.571398538052,10548.660695561213,3.0959999561309814
"Unif 10,90",5,2,4,ls_independent,cost,6855.619600119153,6529.232937898977,-203057.7426972209,6832.363353573238,6913.070378494364,33274.857705090704,9722.044334378535,39.473999977111816
"Unif 10,90",5,2,4,ls_dependent,demand,11956.271477881057,11717.694799770714,11667.207020244938,11977.527666157599,11761.854832834219,11706.571398538046,10548.660695561213,1.7179999351501465
"Unif 10,90",5,2,4,ls_dependent,cost,6855.619600119153,6529.232937898977,-71776.6652220196,6832.363353573238,6913.070378494364,35939.768368504236,9722.044334378535,43.88300013542175
"Unif 10,90",5,2,5,black_box,demand,11956.271477881057,11686.240946219883,11669.522674872058,11977.527666157599,11726.624840052664,11709.783016072402,10548.660695561213,5.8459999561309814
"Unif 10,90",5,2,5,black_box,cost,6855.619600119153,-37.337374974208274,-378.4988169875908,6832.363353573238,150.2753132162957,76.74159885656383,9722.044334378535,36.26799988746643
"Unif 10,90",5,2,5,ls_independent,demand,11956.271477881057,11686.240946219883,11662.88293938337,11977.527666157599,11726.624840052664,11702.356315620334,10548.660695561213,6.4150002002716064
"Unif 10,90",5,2,5,ls_independent,cost,6855.619600119153,-37.337374974208274,-9807.147026525196,6832.363353573238,150.2753132162957,29881.66606087619,9722.044334378535,74.66000008583069
"Unif 10,90",5,2,5,ls_dependent,demand,11956.271477881057,11686.240946219883,11662.830455160689,11977.527666157599,11726.624840052664,11702.712478801019,10548.660695561213,5.731000185012817
"Unif 10,90",5,2,5,ls_dependent,cost,6855.619600119153,-37.337374974208274,-143364.24308893437,6832.363353573238,150.2753132162957,73212.0151972516,9722.044334378535,163.37399983406067
"Unif 10,90",2,3,2,black_box,demand,3993.373542806212,3993.373542806212,3884.3049233237416,4012.3083944279856,4012.3083944279856,3899.1363436225483,3306.92860791354,0.442000150680542
"Unif 10,90",2,3,2,black_box,cost,3255.7218000416096,3198.6846047829117,-80018.69172857533,3209.593703900301,3212.502848943191,32323.628265019037,4021.7933255474572,3.3309998512268066
"Unif 10,90",2,3,2,ls_independent,demand,3993.373542806212,3993.373542806212,3876.4216832213665,4012.3083944279856,4012.3083944279856,3893.7835751323787,3306.92860791354,0.11099982261657715
"Unif 10,90",2,3,2,ls_independent,cost,3255.7218000416096,3198.6846047829117,-12439.872276051057,3209.593703900301,3212.502848943191,2449.9897747135365,4021.7933255474572,2.5789999961853027
"Unif 10,90",2,3,2,ls_dependent,demand,3993.373542806212,3993.373542806212,3876.08121772553,4012.3083944279856,4012.3083944279856,3894.049231784999,3306.92860791354,0.06200003623962402
"Unif 10,90",2,3,2,ls_dependent,cost,3255.7218000416096,3198.6846047829117,-576.9863396449629,3209.593703900301,3212.502848943191,1095.3486024736144,4021.7933255474572,4.343000173568726
"Unif 10,90",2,3,3,black_box,demand,3993.373542806212,3989.1677074219206,3889.027998846447,4012.3083944279856,3996.017416088005,3906.9518239847403,3306.92860791354,0.5710000991821289
"Unif 10,90",2,3,3,black_box,cost,3255.7218000416096,3163.143081398894,-11509.19687163778,3209.593703900301,3257.8637150203467,3051.504496862318,4021.7933255474572,6.045000076293945
"Unif 10,90",2,3,3,ls_independent,demand,3993.373542806212,3989.1677074219206,3876.078081120444,4012.3083944279856,3996.017416088005,3894.027036987431,3306.92860791354,0.2349998950958252
"Unif 10,90",2,3,3,ls_independent,cost,3255.7218000416096,3163.143081398894,-153158.88321166328,3209.593703900301,3257.8637150203467,235209.13124053116,4021.7933255474572,5.483999967575073
"Unif 10,90",2,3,3,ls_dependent,demand,3993.373542806212,3989.1677074219206,3876.0780811204445,4012.3083944279856,3996.017416088005,3894.0270369874315,3306.92860791354,0.057000160217285156
"Unif 10,90",2,3,3,ls_dependent,cost,3255.7218000416096,3163.143081398894,-10974.954107060988,3209.593703900301,3257.8637150203467,18288.362746045175,4021.7933255474572,5.53600001335144
"Unif 10,90",2,3,4,black_box,demand,3993.373542806212,3909.781566445402,3878.7467274220003,4012.3083944279856,3925.086215776887,3894.2102522124665,3306.92860791354,0.6719999313354492
"Unif 10,90",2,3,4,black_box,cost,3255.7218000416096,3126.4346251271822,-52153.826085052875,3209.593703900301,3269.6545562431306,47647.326595615006,4021.7933255474572,9.625
"Unif 10,90",2,3,4,ls_independent,demand,3993.373542806212,3909.781566445402,3876.082814702097,4012.3083944279856,3925.086215776887,3893.817818074883,3306.92860791354,0.23099994659423828
"Unif 10,90",2,3,4,ls_independent,cost,3255.7218000416096,3126.4346251271822,-922.3863240963332,3209.593703900301,3269.6545562431306,12594.044204292371,4021.7933255474572,12.547999858856201
"Unif 10,90",2,3,4,ls_dependent,demand,3993.373542806212,3909.781566445402,3876.082814702097,4012.3083944279856,3925.086215776887,3893.817818074883,3306.92860791354,0.10800004005432129
"Unif 10,90",2,3,4,ls_dependent,cost,3255.7218000416096,3126.4346251271822,-139767.54324661192,3209.593703900301,3269.6545562431306,38817.90144232634,4021.7933255474572,12.943000078201294
"Unif 10,90",2,3,5,black_box,demand,3993.373542806212,3882.339782247161,3877.8892352225675,4012.3083944279856,3898.337776453829,3897.5201298728903,3306.92860791354,0.9619998931884766
"Unif 10,90",2,3,5,black_box,cost,3255.7218000416096,-486.40000000000146,-507466.25137757603,3209.593703900301,649.3983542532937,697404.9008330749,4021.7933255474572,14.312999963760376
"Unif 10,90",2,3,5,ls_independent,demand,3993.373542806212,3882.339782247161,3876.0791831748957,4012.3083944279856,3898.337776453829,3893.84496315418,3306.92860791354,1.1499998569488525
"Unif 10,90",2,3,5,ls_independent,cost,3255.7218000416096,-486.40000000000146,-32551.952210032516,3209.593703900301,649.3983542532937,38679.42674179113,4021.7933255474572,25.695000171661377
"Unif 10,90",2,3,5,ls_dependent,demand,3993.373542806212,3882.339782247161,3876.0791831748957,4012.3083944279856,3898.337776453829,3893.84496315418,3306.92860791354,0.17400002479553223
"Unif 10,90",2,3,5,ls_dependent,cost,3255.7218000416096,-486.40000000000146,-58053.639073468694,3209.593703900301,649.3983542532937,126470.80499487603,4021.7933255474572,27.58899998664856
"Unif 10,90",3,3,2,black_box,demand,5422.623503055968,5422.623503055967,5307.361403144515,5431.574090603216,5431.574090603216,5318.462348063028,4480.717898958893,0.7170000076293945
"Unif 10,90",3,3,2,black_box,cost,4231.119197637468,4093.828208735514,-360.76212950379954,4256.146274481585,4256.146274481585,202.48583019738476,5171.840151030849,6.825000047683716
"Unif 10,90",3,3,2,ls_independent,demand,5422.623503055968,5422.623503055967,5304.897090703958,5431.574090603216,5431.574090603216,5317.743218896906,4480.717898958893,0.12100005149841309
"Unif 10,90",3,3,2,ls_independent,cost,4231.119197637468,4093.828208735514,-15386.673958008818,4256.146274481585,4256.146274481585,29515.101381328855,5171.840151030849,7.79800009727478
"Unif 10,90",3,3,2,ls_dependent,demand,5422.623503055968,5422.623503055967,5304.897090703954,5431.574090603216,5431.574090603216,5317.743218896903,4480.717898958893,0.31800007820129395
"Unif 10,90",3,3,2,ls_dependent,cost,4231.119197637468,4093.828208735514,-490396.9131904363,4256.146274481585,4256.146274481585,517390.4929726847,5171.840151030849,10.726999998092651
"Unif 10,90",3,3,3,black_box,demand,5422.623503055968,5372.52023434464,5266.530996595145,5431.574090603216,5378.419471689796,5280.656664790593,4480.717898958893,1.2269999980926514
"Unif 10,90",3,3,3,black_box,cost,4231.119197637468,4095.4967572743953,-427.57761369547234,4256.146274481585,4188.050015450287,392.7811066666564,5171.840151030849,13.269999980926514
"Unif 10,90",3,3,3,ls_independent,demand,5422.623503055968,5372.52023434464,5255.394070577565,5431.574090603216,5378.419471689796,5272.65902726085,4480.717898958893,0.5820000171661377
"Unif 10,90",3,3,3,ls_independent,cost,4231.119197637468,4095.4967572743953,-434.7815255699624,4256.146274481585,4188.050015450287,281.1195478145065,5171.840151030849,20.485000133514404
"Unif 10,90",3,3,3,ls_dependent,demand,5422.623503055968,5372.52023434464,5255.394070577565,5431.574090603216,5378.419471689796,5272.65902726085,4480.717898958893,0.22500014305114746
"Unif 10,90",3,3,3,ls_dependent,cost,4231.119197637468,4095.4967572743953,-37407.12930678273,4256.146274481585,4188.050015450287,12760.619483715745,5171.840151030849,26.475000143051147
"Unif 10,90",3,3,4,black_box,demand,5422.623503055968,5306.419486405468,5271.418617540231,5431.574090603216,5327.093269657985,5293.4540758801495,4480.717898958893,1.7089998722076416
"Unif 10,90",3,3,4,black_box,cost,4231.119197637468,4038.6682209903315,-9814.720568303665,4256.146274481585,4324.439036370267,45104.31778747384,5171.840151030849,21.75600004196167
"Unif 10,90",3,3,4,ls_independent,demand,5422.623503055968,5306.419486405468,5254.254897542232,5431.574090603216,5327.093269657985,5272.032139240057,4480.717898958893,1.5309998989105225
"Unif 10,90",3,3,4,ls_independent,cost,4231.119197637468,4038.6682209903315,-762.2655780427567,4256.146274481585,4324.439036370267,1082.2816094054122,5171.840151030849,34.217000007629395
"Unif 10,90",3,3,4,ls_dependent,demand,5422.623503055968,5306.419486405468,5254.254897542232,5431.574090603216,5327.093269657985,5272.032139240057,4480.717898958893,0.382000207901001
"Unif 10,90",3,3,4,ls_dependent,cost,4231.119197637468,4038.6682209903315,-828.1918318648804,4256.146274481585,4324.439036370267,438.0541294643651,5171.840151030849,94.63699984550476
"Unif 10,90",3,3,5,black_box,demand,5422.623503055968,5271.427017486713,5258.894133637694,5431.574090603216,5295.748014552253,5275.157466418184,4480.717898958893,2.2320001125335693
"Unif 10,90",3,3,5,black_box,cost,4231.119197637468,-37.337374974208274,-46996.170742691465,4256.146274481585,142.12941708006974,56780.420842653686,5171.840151030849,34.31399989128113
"Unif 10,90",3,3,5,ls_independent,demand,5422.623503055968,5271.427017486713,5255.369618503167,5431.574090603216,5295.748014552253,5272.2682969168045,4480.717898958893,1.2950000762939453
"Unif 10,90",3,3,5,ls_independent,cost,4231.119197637468,-37.337374974208274,-306583.7280387767,4256.146274481585,142.12941708006974,35031.60676846108,5171.840151030849,76.08799982070923
"Unif 10,90",3,3,5,ls_dependent,demand,5422.623503055968,5271.427017486713,5255.369618503166,5431.574090603216,5295.748014552253,5272.2682969168045,4480.717898958893,0.7230000495910645
"Unif 10,90",3,3,5,ls_dependent,cost,4231.119197637468,-37.337374974208274,-422.2893531612677,4256.146274481585,142.12941708006974,89.52164782378792,5171.840151030849,67.88000011444092
"Unif 10,90",4,3,2,black_box,demand,9035.195546240593,8721.975688101524,8604.028792142219,9026.605822796719,8719.961704855068,8595.746459968474,7662.703316776265,1.3450000286102295
"Unif 10,90",4,3,2,black_box,cost,7356.661925118074,7097.289818057264,-131.30945170336827,7313.72796967931,7312.088497564369,408.9566280489986,9011.303679336732,12.558000087738037
"Unif 10,90",4,3,2,ls_independent,demand,9035.195546240593,8721.975688101524,8596.428715698317,9026.605822796719,8719.961704855068,8589.613073390958,7662.703316776265,0.500999927520752
"Unif 10,90",4,3,2,ls_independent,cost,7356.661925118074,7097.289818057264,-4135.174735172455,7313.72796967931,7312.088497564369,13674.04781052498,9011.303679336732,14.035000085830688
"Unif 10,90",4,3,2,ls_dependent,demand,9035.195546240593,8721.975688101524,8596.389097658215,9026.605822796719,8719.961704855068,8589.863716772476,7662.703316776265,0.4029998779296875
"Unif 10,90",4,3,2,ls_dependent,cost,7356.661925118074,7097.289818057264,-19058.50777592293,7313.72796967931,7312.088497564369,21382.051257313688,9011.303679336732,21.8989999294281
"Unif 10,90",4,3,3,black_box,demand,9035.195546240593,8621.323979157116,8600.413091919707,9026.605822796719,8613.239771932569,8592.317492184833,7662.703316776265,2.3570001125335693
"Unif 10,90",4,3,3,black_box,cost,7356.661925118074,7113.740986717388,-10262.684215196801,7313.72796967931,7125.976535519937,2982.6771782216892,9011.303679336732,27.881999969482422
"Unif 10,90",4,3,3,ls_independent,demand,9035.195546240593,8621.323979157116,8596.36066452309,9026.605822796719,8613.239771932569,8589.895024644411,7662.703316776265,0.9440000057220459
"Unif 10,90",4,3,3,ls_independent,cost,7356.661925118074,7113.740986717388,-472.3309913562245,7313.72796967931,7125.976535519937,311.7930035794541,9011.303679336732,42.47200012207031
"Unif 10,90",4,3,3,ls_dependent,demand,9035.195546240593,8621.323979157116,8596.354577714781,9026.605822796719,8613.239771932569,8589.666571016756,7662.703316776265,0.9650001525878906
"Unif 10,90",4,3,3,ls_dependent,cost,7356.661925118074,7113.740986717388,-13299.99730037756,7313.72796967931,7125.976535519937,28169.0344801245,9011.303679336732,71.89199995994568
"Unif 10,90",4,3,4,black_box,demand,9035.195546240593,8632.438077891287,8603.724371602972,9026.605822796719,8626.212211392067,8599.207296718205,7662.703316776265,3.441999912261963
"Unif 10,90",4,3,4,black_box,cost,7356.661925118074,7011.187383255419,-492.7819656728554,7313.72796967931,7403.839049035863,937.7209955467879,9011.303679336732,44.37600016593933
"Unif 10,90",4,3,4,ls_independent,demand,9035.195546240593,8632.438077891287,8596.34003753281,9026.605822796719,8626.212211392067,8589.827988781322,7662.703316776265,2.199000120162964
"Unif 10,90",4,3,4,ls_independent,cost,7356.661925118074,7011.187383255419,-107278.28950785419,7313.72796967931,7403.839049035863,89868.62556799951,9011.303679336732,84.35400009155273
"Unif 10,90",4,3,4,ls_dependent,demand,9035.195546240593,8632.438077891287,8596.34003753281,9026.605822796719,8626.212211392067,8589.827988781324,7662.703316776265,1.0439999103546143
"Unif 10,90",4,3,4,ls_dependent,cost,7356.661925118074,7011.187383255419,-55970.30284425101,7313.72796967931,7403.839049035863,6796.8701714287845,9011.303679336732,91.80700016021729
"Unif 10,90",4,3,5,black_box,demand,9035.195546240593,8601.799841165008,8597.899184767739,9026.605822796719,8595.333164633374,8591.482187193029,7662.703316776265,4.982000112533569
"Unif 10,90",4,3,5,black_box,cost,7356.661925118074,-486.4000000000009,-4650.787409375067,7313.72796967931,666.0680217632474,1141.823192722931,9011.303679336732,70.5090000629425
"Unif 10,90",4,3,5,ls_independent,demand,9035.195546240593,8601.799841165008,8596.344440643456,9026.605822796719,8595.333164633374,8589.98175441335,7662.703316776265,2.7779998779296875
"Unif 10,90",4,3,5,ls_independent,cost,7356.661925118074,-486.4000000000009,-15955.745248817993,7313.72796967931,666.0680217632474,28413.39320426731,9011.303679336732,180.46799993515015
"Unif 10,90",4,3,5,ls_dependent,demand,9035.195546240593,8601.799841165008,8596.344440643456,9026.605822796719,8595.333164633374,8589.98175441335,7662.703316776265,2.0429999828338623
"Unif 10,90",4,3,5,ls_dependent,cost,7356.661925118074,-486.4000000000009,-52942.640127380066,7313.72796967931,666.0680217632474,47042.086206127016,9011.303679336732,349.8710000514984
"Unif 10,90",5,3,2,black_box,demand,9670.887377986239,9413.005751437493,9314.528057193149,9730.99743240117,9458.679924825177,9365.755128409919,8439.471161508249,2.2070000171661377
"Unif 10,90",5,3,2,black_box,cost,5424.482778077739,5245.8779025071735,-280.05004002526346,5404.741041907991,5418.008827496818,457.51067571110985,6591.281338066429,24.086999893188477
"Unif 10,90",5,3,2,ls_independent,demand,9670.887377986239,9413.005751437493,9271.034241893076,9730.99743240117,9458.679924825177,9327.185337870373,8439.471161508249,1.2909998893737793
"Unif 10,90",5,3,2,ls_independent,cost,5424.482778077739,5245.8779025071735,-284.9167372495652,5404.741041907991,5418.008827496818,430.35631222578155,6591.281338066429,34.913999795913696
"Unif 10,90",5,3,2,ls_dependent,demand,9670.887377986239,9413.005751437493,9268.112806606989,9730.99743240117,9458.679924825177,9322.896071903286,8439.471161508249,1.1410000324249268
"Unif 10,90",5,3,2,ls_dependent,cost,5424.482778077739,5245.8779025071735,-1.1075420528570554e8,5404.741041907991,5418.008827496818,1.0002641073382874e8,6591.281338066429,35.848999977111816
"Unif 10,90",5,3,3,black_box,demand,9670.887377986239,9278.61400255484,9263.259875483136,9730.99743240117,9327.775671798583,9319.903231850994,8439.471161508249,4.180999994277954
"Unif 10,90",5,3,3,black_box,cost,5424.482778077739,5251.364613355082,-95283.24614357833,5404.741041907991,5310.0339341408935,118253.48506901533,6591.281338066429,52.986000061035156
"Unif 10,90",5,3,3,ls_independent,demand,9670.887377986239,9278.61400255484,9244.919078267201,9730.99743240117,9327.775671798583,9298.664793204567,8439.471161508249,2.0310001373291016
"Unif 10,90",5,3,3,ls_independent,cost,5424.482778077739,5251.364613355082,-719947.3199095955,5404.741041907991,5310.0339341408935,580961.3046590107,6591.281338066429,102.15699982643127
"Unif 10,90",5,3,3,ls_dependent,demand,9670.887377986239,9278.61400255484,9244.9190782672,9730.99743240117,9327.775671798583,9298.664793204565,8439.471161508249,1.1470000743865967
"Unif 10,90",5,3,3,ls_dependent,cost,5424.482778077739,5251.364613355082,-5447.59682571627,5404.741041907991,5310.0339341408935,3457.3775267358487,6591.281338066429,150.67999982833862
"Unif 10,90",5,3,4,black_box,demand,9670.887377986239,9257.67412970617,9234.27042761518,9730.99743240117,9315.984512262505,9283.784333673584,8439.471161508249,6.21399998664856
"Unif 10,90",5,3,4,black_box,cost,5424.482778077739,5178.633903042883,-923.2110922489455,5404.741041907991,5474.785009096232,1015.752124044312,6591.281338066429,84.5640001296997
"Unif 10,90",5,3,4,ls_independent,demand,9670.887377986239,9257.67412970617,9210.314523183406,9730.99743240117,9315.984512262505,9261.126003628387,8439.471161508249,8.383000135421753
"Unif 10,90",5,3,4,ls_independent,cost,5424.482778077739,5178.633903042883,-1725.8395637472127,5404.741041907991,5474.785009096232,1421.8762875475136,6591.281338066429,197.48099994659424
"Unif 10,90",5,3,4,ls_dependent,demand,9670.887377986239,9257.67412970617,9210.314523183406,9730.99743240117,9315.984512262505,9261.126003628387,8439.471161508249,2.5189998149871826
"Unif 10,90",5,3,4,ls_dependent,cost,5424.482778077739,5178.633903042883,-558.5373105907801,5404.741041907991,5474.785009096232,342.9901275783113,6591.281338066429,247.81399989128113
"Unif 10,90",5,3,5,black_box,demand,9670.887377986239,9239.955853219684,9220.939708088297,9730.99743240117,9284.744087870211,9274.782213360993,8439.471161508249,8.38100004196167
"Unif 10,90",5,3,5,black_box,cost,5424.482778077739,-37.337374974208274,-18720.09551187731,5404.741041907991,145.86217137638693,19224.12411732581,6591.281338066429,137.50500011444092
"Unif 10,90",5,3,5,ls_independent,demand,9670.887377986239,9239.955853219684,9210.055386704991,9730.99743240117,9284.744087870211,9261.59073302369,8439.471161508249,12.20199990272522
"Unif 10,90",5,3,5,ls_independent,cost,5424.482778077739,-37.337374974208274,-1207.0651977995522,5404.741041907991,145.86217137638693,2048.114787491407,6591.281338066429,430.5420000553131
"Unif 10,90",5,3,5,ls_dependent,demand,9670.887377986239,9239.955853219684,9210.055386704991,9730.99743240117,9284.744087870211,9261.59073302369,8439.471161508249,4.218999862670898
"Unif 10,90",5,3,5,ls_dependent,cost,5424.482778077739,-37.337374974208274,-15536.628073767435,5404.741041907991,145.86217137638693,2152.507168319815,6591.281338066429,609.8139998912811
"Unif 10,90",2,4,2,black_box,demand,3738.2124616110923,3738.2124616110923,3700.8342943461025,3746.6954932388853,3746.6954932388853,3712.9889490402256,3181.9139475683824,0.5419998168945312
"Unif 10,90",2,4,2,black_box,cost,2025.8054597601333,1960.493174808793,-9413.063186587311,2015.7307027163677,2018.4859641537955,26027.563216333565,2280.937225733256,8.026999950408936
"Unif 10,90",2,4,2,ls_independent,demand,3738.2124616110923,3738.2124616110923,3663.7884826238387,3746.6954932388853,3746.6954932388853,3674.0130275023357,3181.9139475683824,0.2709999084472656
"Unif 10,90",2,4,2,ls_independent,cost,2025.8054597601333,1960.493174808793,-291814.9341523842,2015.7307027163677,2018.4859641537955,167813.6655953266,2280.937225733256,8.20900011062622
"Unif 10,90",2,4,2,ls_dependent,demand,3738.2124616110923,3738.2124616110923,3663.7884826238387,3746.6954932388853,3746.6954932388853,3674.0130275023357,3181.9139475683824,0.04999995231628418
"Unif 10,90",2,4,2,ls_dependent,cost,2025.8054597601333,1960.493174808793,-327.9724456902887,2015.7307027163677,2018.4859641537955,114.71840868578833,2280.937225733256,7.312999963760376
"Unif 10,90",2,4,3,black_box,demand,3738.2124616110923,3738.2124616110927,3679.1869352190397,3746.6954932388853,3746.6954932388853,3687.161410128138,3181.9139475683824,0.9350001811981201
"Unif 10,90",2,4,3,black_box,cost,2025.8054597601333,1957.8664034699782,-414.47753408625346,2015.7307027163677,1989.6770313516906,294.26595021776325,2280.937225733256,15.649999856948853
"Unif 10,90",2,4,3,ls_independent,demand,3738.2124616110923,3738.2124616110927,3663.8116526982917,3746.6954932388853,3746.6954932388853,3674.0487800597753,3181.9139475683824,0.42100000381469727
"Unif 10,90",2,4,3,ls_independent,cost,2025.8054597601333,1957.8664034699782,-159062.11474549852,2015.7307027163677,1989.6770313516906,263867.94033125264,2280.937225733256,21.294000148773193
"Unif 10,90",2,4,3,ls_dependent,demand,3738.2124616110923,3738.2124616110927,3663.8116526982917,3746.6954932388853,3746.6954932388853,3674.0487800597753,3181.9139475683824,0.16900014877319336
"Unif 10,90",2,4,3,ls_dependent,cost,2025.8054597601333,1957.8664034699782,-14849.135168077122,2015.7307027163677,1989.6770313516906,7698.767702984475,2280.937225733256,19.59000015258789
"Unif 10,90",2,4,4,black_box,demand,3738.2124616110923,3727.724942437167,3667.4718570492787,3746.6954932388853,3741.8716556131235,3678.92977894478,3181.9139475683824,1.2760000228881836
"Unif 10,90",2,4,4,black_box,cost,2025.8054597601333,1929.5952876828037,-1563.9051801589912,2015.7307027163677,2049.5914963957844,1419.3561810716606,2280.937225733256,26.032999992370605
"Unif 10,90",2,4,4,ls_independent,demand,3738.2124616110923,3727.724942437167,3663.7670140682417,3746.6954932388853,3741.8716556131235,3673.943444976315,3181.9139475683824,0.568000078201294
"Unif 10,90",2,4,4,ls_independent,cost,2025.8054597601333,1929.5952876828037,-1628.867461226233,2015.7307027163677,2049.5914963957844,2299.8296961614064,2280.937225733256,49.668999910354614
"Unif 10,90",2,4,4,ls_dependent,demand,3738.2124616110923,3727.724942437167,3663.7670140682417,3746.6954932388853,3741.8716556131235,3673.943444976315,3181.9139475683824,0.17300009727478027
"Unif 10,90",2,4,4,ls_dependent,cost,2025.8054597601333,1929.5952876828037,-18816.90959956336,2015.7307027163677,2049.5914963957844,30185.479228872096,2280.937225733256,46.49399995803833
"Unif 10,90",2,4,5,black_box,demand,3738.2124616110923,3694.084059861251,3664.1694598320896,3746.6954932388853,3705.762846247527,3674.0883383810615,3181.9139475683824,1.5499999523162842
"Unif 10,90",2,4,5,black_box,cost,2025.8054597601333,-37.337374974208274,-33293.93855733624,2015.7307027163677,139.65578723015403,16534.176372297596,2280.937225733256,38.45900011062622
"Unif 10,90",2,4,5,ls_independent,demand,3738.2124616110923,3694.084059861251,3663.7558125108762,3746.6954932388853,3705.762846247527,3673.9308997114786,3181.9139475683824,0.4740002155303955
"Unif 10,90",2,4,5,ls_independent,cost,2025.8054597601333,-37.337374974208274,-15992.879278941913,2015.7307027163677,139.65578723015403,24427.255891491754,2280.937225733256,81.80800008773804
"Unif 10,90",2,4,5,ls_dependent,demand,3738.2124616110923,3694.084059861251,3663.7558125108762,3746.6954932388853,3705.762846247527,3673.930899711478,3181.9139475683824,0.31100010871887207
"Unif 10,90",2,4,5,ls_dependent,cost,2025.8054597601333,-37.337374974208274,-842.8346190167819,2015.7307027163677,139.65578723015403,747.198538154066,2280.937225733256,76.3989999294281
"Unif 10,90",3,4,2,black_box,demand,4715.670097557186,4715.670097557186,4643.833862853267,4741.062640645039,4741.062640645039,4689.001683095669,3959.694955945601,1.1720001697540283
"Unif 10,90",3,4,2,black_box,cost,3857.4657834069135,3769.6050874620064,-898.6797827830951,3873.896815771924,3878.866939720938,2307.837491804338,4179.4562747035925,16.628999948501587
"Unif 10,90",3,4,2,ls_independent,demand,4715.670097557186,4715.670097557186,4616.978532471994,4741.062640645039,4741.062640645039,4656.187654547243,3959.694955945601,0.3249998092651367
"Unif 10,90",3,4,2,ls_independent,cost,3857.4657834069135,3769.6050874620064,-300.0770566134497,3873.896815771924,3878.866939720938,554.089616783921,4179.4562747035925,22.861000061035156
"Unif 10,90",3,4,2,ls_dependent,demand,4715.670097557186,4715.670097557186,4616.932082291883,4741.062640645039,4741.062640645039,4655.8036374484445,3959.694955945601,0.31599998474121094
"Unif 10,90",3,4,2,ls_dependent,cost,3857.4657834069135,3769.6050874620064,-379.1503389826423,3873.896815771924,3878.866939720938,323.80197319536006,4179.4562747035925,21.983999967575073
"Unif 10,90",3,4,3,black_box,demand,4715.670097557186,4697.942277626436,4620.1153399674795,4741.062640645039,4734.128395469375,4659.264097416763,3959.694955945601,1.8340001106262207
"Unif 10,90",3,4,3,black_box,cost,3857.4657834069135,3737.730357590053,-51590.95371972176,3873.896815771924,3899.752546903085,17291.508162238166,4179.4562747035925,40.45199990272522
"Unif 10,90",3,4,3,ls_independent,demand,4715.670097557186,4697.942277626436,4616.90214883976,4741.062640645039,4734.128395469375,4655.646575866882,3959.694955945601,0.8070001602172852
"Unif 10,90",3,4,3,ls_independent,cost,3857.4657834069135,3737.730357590053,-429.3662196647556,3873.896815771924,3899.752546903085,205.45951453499066,4179.4562747035925,65.02700018882751
"Unif 10,90",3,4,3,ls_dependent,demand,4715.670097557186,4697.942277626436,4616.90214883976,4741.062640645039,4734.128395469375,4655.646575866882,3959.694955945601,0.3040001392364502
"Unif 10,90",3,4,3,ls_dependent,cost,3857.4657834069135,3737.730357590053,-9614.715981616606,3873.896815771924,3899.752546903085,81373.88536373114,4179.4562747035925,71.32499980926514
"Unif 10,90",3,4,4,black_box,demand,4715.670097557186,4669.566225007825,4622.049059784534,4741.062640645039,4703.497539323105,4664.362840259357,3959.694955945601,2.486999988555908
"Unif 10,90",3,4,4,black_box,cost,3857.4657834069135,3689.4533569837713,-83354.46712900561,3873.896815771924,3961.295574296799,57281.95551189846,4179.4562747035925,60.88100004196167
"Unif 10,90",3,4,4,ls_independent,demand,4715.670097557186,4669.566225007825,4616.893619168752,4741.062640645039,4703.497539323105,4655.739308065612,3959.694955945601,1.9730000495910645
"Unif 10,90",3,4,4,ls_independent,cost,3857.4657834069135,3689.4533569837713,-793725.5186460551,3873.896815771924,3961.295574296799,1.0920910737124805e6,4179.4562747035925,142.13199996948242
"Unif 10,90",3,4,4,ls_dependent,demand,4715.670097557186,4669.566225007825,4616.893619168752,4741.062640645039,4703.497539323105,4655.739308065612,3959.694955945601,0.5799999237060547
"Unif 10,90",3,4,4,ls_dependent,cost,3857.4657834069135,3689.4533569837713,-1.0089196028367311e6,3873.896815771924,3961.295574296799,751467.5133406508,4179.4562747035925,143.875
"Unif 10,90",3,4,5,black_box,demand,4715.670097557186,4661.100257543851,4621.110681631436,4741.062640645039,4700.990121267421,4661.254072877744,3959.694955945601,3.634000062942505
"Unif 10,90",3,4,5,black_box,cost,3857.4657834069135,-37.337374974208274,-26930.382214423036,3873.896815771924,166.1928277559329,50966.35137487834,4179.4562747035925,95.3840000629425
"Unif 10,90",3,4,5,ls_independent,demand,4715.670097557186,4661.100257543851,4616.894997337129,4741.062640645039,4700.990121267421,4655.686900453756,3959.694955945601,3.0390000343322754
"Unif 10,90",3,4,5,ls_independent,cost,3857.4657834069135,-37.337374974208274,-3890.2212134883675,3873.896815771924,166.1928277559329,2978.7015490086983,4179.4562747035925,295.2369999885559
"Unif 10,90",3,4,5,ls_dependent,demand,4715.670097557186,4661.100257543851,4616.892754616789,4741.062640645039,4700.990121267421,4655.702455840092,3959.694955945601,1.819000005722046
"Unif 10,90",3,4,5,ls_dependent,cost,3857.4657834069135,-37.337374974208274,-1011.0695192811919,3873.896815771924,166.1928277559329,1420.691370788037,4179.4562747035925,435.3510000705719
"Unif 10,90",4,4,2,black_box,demand,11306.193229255949,11300.720363573064,11228.516043073749,11284.329001914377,11279.159865032287,11204.819109289647,10307.399619638785,2.0149998664855957
"Unif 10,90",4,4,2,black_box,cost,6488.313514114202,6244.737944159503,-20636.40547876279,6527.142320772945,6527.3687569368,46335.09235807405,7197.612625944924,41.38499999046326
"Unif 10,90",4,4,2,ls_independent,demand,11306.193229255949,11300.720363573064,11213.751175552508,11284.329001914377,11279.159865032287,11191.251230543714,10307.399619638785,0.6989998817443848
"Unif 10,90",4,4,2,ls_independent,cost,6488.313514114202,6244.737944159503,-394.7487939197908,6527.142320772945,6527.3687569368,582.7892372202813,7197.612625944924,76.14000010490417
"Unif 10,90",4,4,2,ls_dependent,demand,11306.193229255949,11300.720363573064,11213.043847356676,11284.329001914377,11279.159865032287,11190.70001240106,10307.399619638785,0.8669998645782471
"Unif 10,90",4,4,2,ls_dependent,cost,6488.313514114202,6244.737944159503,-2.4277544129650984e6,6527.142320772945,6527.3687569368,2.0988925208627493e6,7197.612625944924,60.00200009346008
"Unif 10,90",4,4,3,black_box,demand,11306.193229255949,11297.921939152624,11219.165401873688,11284.329001914377,11276.156947697757,11199.289407971508,10307.399619638785,3.4139997959136963
"Unif 10,90",4,4,3,black_box,cost,6488.313514114202,6260.187187442522,-7028.950867144461,6527.142320772945,6347.794492105866,42161.32452266962,7197.612625944924,84.49000000953674
"Unif 10,90",4,4,3,ls_independent,demand,11306.193229255949,11297.921939152624,11209.535050948869,11284.329001914377,11276.156947697757,11190.625896324638,10307.399619638785,2.799999952316284
"Unif 10,90",4,4,3,ls_independent,cost,6488.313514114202,6260.187187442522,-1716.5607300234324,6527.142320772945,6347.794492105866,216.458069589146,7197.612625944924,167.44400000572205
"Unif 10,90",4,4,3,ls_dependent,demand,11306.193229255949,11297.921939152624,11174.60973179188,11284.329001914377,11276.156947697757,11151.218592736117,10307.399619638785,27.57699990272522
"Unif 10,90",4,4,3,ls_dependent,cost,6488.313514114202,6260.187187442522,-1766.2745124420699,6527.142320772945,6347.794492105866,498.8541459366442,7197.612625944924,169.78200006484985
"Unif 10,90",4,4,4,black_box,demand,11306.193229255949,11256.975919037432,11192.530693647279,11284.329001914377,11229.020249863444,11168.226394270125,10307.399619638785,5.38100004196167
"Unif 10,90",4,4,4,black_box,cost,6488.313514114202,6163.879405170849,-64730.49404533864,6527.142320772945,6602.521753089385,93975.76702634455,7197.612625944924,124.5239999294281
"Unif 10,90",4,4,4,ls_independent,demand,11306.193229255949,11256.975919037432,11176.72228753159,11284.329001914377,11229.020249863444,11153.243655639566,10307.399619638785,8.865999937057495
"Unif 10,90",4,4,4,ls_independent,cost,6488.313514114202,6163.879405170849,-14361.02491120201,6527.142320772945,6602.521753089385,43559.95866674477,7197.612625944924,344.3159999847412
"Unif 10,90",4,4,4,ls_dependent,demand,11306.193229255949,11256.975919037432,11176.708497607504,11284.329001914377,11229.020249863444,11153.124748683722,10307.399619638785,2.809999942779541
"Unif 10,90",4,4,4,ls_dependent,cost,6488.313514114202,6163.879405170849,-417.5247919295558,6527.142320772945,6602.521753089385,182.1363478032985,7197.612625944924,955.7539999485016
"Unif 10,90",4,4,5,black_box,demand,11306.193229255949,11208.302253601303,11185.152216652223,11284.329001914377,11182.012896025715,11161.030699892442,10307.399619638785,7.019999980926514
"Unif 10,90",4,4,5,black_box,cost,6488.313514114202,-37.337374974208274,-7530.556134794384,6527.142320772945,145.6654521098035,3189.828942235312,7197.612625944924,205.7739999294281
"Unif 10,90",4,4,5,ls_independent,demand,11306.193229255949,11208.302253601303,11174.72004437953,11284.329001914377,11182.012896025715,11151.346210215937,10307.399619638785,10.703999996185303
"Unif 10,90",4,4,5,ls_independent,cost,6488.313514114202,-37.337374974208274,-305.0348999600937,6527.142320772945,145.6654521098035,194.68358505849673,7197.612625944924,869.2599999904633
"Unif 10,90",4,4,5,ls_dependent,demand,11306.193229255949,11208.302253601303,11174.712139189014,11284.329001914377,11182.012896025715,11151.247835022092,10307.399619638785,4.944000005722046
"Unif 10,90",4,4,5,ls_dependent,cost,6488.313514114202,-37.337374974208274,-1692.1031891696348,6527.142320772945,145.6654521098035,3368.3660930406727,7197.612625944924,1140.8389999866486
"Unif 10,90",5,4,2,black_box,demand,8712.536629264629,8648.038141478964,8487.886538013463,8728.633381797596,8675.29995912661,8508.618310599062,7525.408551887294,3.7049999237060547
"Unif 10,90",5,4,2,black_box,cost,6233.371868720765,5998.769749487538,-369.72518040411927,6234.519498440218,6229.155024696648,435.32479872488005,7069.797128062856,73.53999996185303
"Unif 10,90",5,4,2,ls_independent,demand,8712.536629264629,8648.038141478964,8431.2585985079,8728.633381797596,8675.29995912661,8451.349472929047,7525.408551887294,3.0219998359680176
"Unif 10,90",5,4,2,ls_independent,cost,6233.371868720765,5998.769749487538,-3192.430767013209,6234.519498440218,6229.155024696648,10452.223542900516,7069.797128062856,149.10599994659424
"Unif 10,90",5,4,2,ls_dependent,demand,8712.536629264629,8648.038141478964,8431.182114969273,8728.633381797596,8675.29995912661,8451.511299162186,7525.408551887294,1.3819999694824219
"Unif 10,90",5,4,2,ls_dependent,cost,6233.371868720765,5998.769749487538,-13248.756842060828,6234.519498440218,6229.155024696648,48056.532073854374,7069.797128062856,132.05599999427795
"Unif 10,90",5,4,3,black_box,demand,8712.536629264629,8499.201117979042,8433.070346340839,8728.633381797596,8522.50018504657,8452.99726850136,7525.408551887294,7.319999933242798
"Unif 10,90",5,4,3,black_box,cost,6233.371868720765,6013.649834610279,-295.16952201218777,6234.519498440218,6067.245507056402,224.97941961741378,7069.797128062856,160.18299984931946
"Unif 10,90",5,4,3,ls_independent,demand,8712.536629264629,8499.201117979042,8419.95319788368,8728.633381797596,8522.50018504657,8440.62111830271,7525.408551887294,11.411999940872192
"Unif 10,90",5,4,3,ls_independent,cost,6233.371868720765,6013.649834610279,-776000.2862340875,6234.519498440218,6067.245507056402,1.125360863020897e6,7069.797128062856,440.78799986839294
"Unif 10,90",5,4,3,ls_dependent,demand,8712.536629264629,8499.201117979042,8419.95319788368,8728.633381797596,8522.50018504657,8440.62111830271,7525.408551887294,2.238999843597412
"Unif 10,90",5,4,3,ls_dependent,cost,6233.371868720765,6013.649834610279,-64319.98564690951,6234.519498440218,6067.245507056402,31590.92201166526,7069.797128062856,902.7650001049042
"Unif 10,90",5,4,4,black_box,demand,8712.536629264629,8448.95790203482,8431.927445809102,8728.633381797596,8471.739698213873,8453.211638925824,7525.408551887294,9.855000019073486
"Unif 10,90",5,4,4,black_box,cost,6233.371868720765,5920.890081143263,-5924.047922865723,6234.519498440218,6328.828031358006,493.6472812169344,7069.797128062856,273.60199999809265
"Unif 10,90",5,4,4,ls_independent,demand,8712.536629264629,8448.95790203482,8412.9280059924,8728.633381797596,8471.739698213873,8433.268920556317,7525.408551887294,26.645999908447266
"Unif 10,90",5,4,4,ls_independent,cost,6233.371868720765,5920.890081143263,-5399.707626162962,6234.519498440218,6328.828031358006,916.943610755425,7069.797128062856,1035.8330001831055
"Unif 10,90",5,4,4,ls_dependent,demand,8712.536629264629,8448.95790203482,8412.640493157445,8728.633381797596,8471.739698213873,8432.88038145732,7525.408551887294,8.549999952316284
"Unif 10,90",5,4,4,ls_dependent,cost,6233.371868720765,5920.890081143263,-452.6153572104662,6234.519498440218,6328.828031358006,255.42376986613573,7069.797128062856,1576.0429999828339
"Unif 10,90",5,4,5,black_box,demand,8712.536629264629,8435.850298892965,8421.321164919133,8728.633381797596,8457.774018443823,8440.996231258478,7525.408551887294,14.192000150680542
"Unif 10,90",5,4,5,black_box,cost,6233.371868720765,-37.337374974208274,-30775.999449142066,6234.519498440218,149.9745864246616,50117.143361495706,7069.797128062856,419.904000043869
"Unif 10,90",5,4,5,ls_independent,demand,8712.536629264629,8435.850298892965,8408.94151900982,8728.633381797596,8457.774018443823,8429.247308118327,7525.408551887294,29.341000080108643
"Unif 10,90",5,4,5,ls_independent,cost,6233.371868720765,-37.337374974208274,-9300.530627173492,6234.519498440218,149.9745864246616,53623.49025186838,7069.797128062856,1852.9130001068115
"Unif 10,90",5,4,5,ls_dependent,demand,8712.536629264629,8435.850298892965,8408.053581242035,8728.633381797596,8457.774018443823,8428.683186816435,7525.408551887294,59.93599987030029
"Unif 10,90",5,4,5,ls_dependent,cost,6233.371868720765,-37.337374974208274,-6436.845429065178,6234.519498440218,149.9745864246616,1600.8675456770986,7069.797128062856,1806.3799998760223
"Unif 10,90",2,5,2,black_box,demand,3588.1010386018206,3588.10103860182,3539.75671579358,3600.568110163804,3600.568110163804,3545.695609918927,3071.458952250684,0.6489999294281006
"Unif 10,90",2,5,2,black_box,cost,2678.2826606254966,2649.700238617113,-10389.62773218645,2706.7872910368396,2710.381432968241,2959.583952953845,2713.010643276122,17.138000011444092
"Unif 10,90",2,5,2,ls_independent,demand,3588.1010386018206,3588.10103860182,3527.6122425797735,3600.568110163804,3600.568110163804,3539.1076603706547,3071.458952250684,0.15700006484985352
"Unif 10,90",2,5,2,ls_independent,cost,2678.2826606254966,2649.700238617113,-12832.811452182355,2706.7872910368396,2710.381432968241,1691.1046199193179,2713.010643276122,18.46400022506714
"Unif 10,90",2,5,2,ls_dependent,demand,3588.1010386018206,3588.10103860182,3527.6122425797735,3600.568110163804,3600.568110163804,3539.1076603706547,3071.458952250684,0.046000003814697266
"Unif 10,90",2,5,2,ls_dependent,cost,2678.2826606254966,2649.700238617113,-21959.914735251354,2706.7872910368396,2710.381432968241,48354.35889562155,2713.010643276122,37.02899980545044
"Unif 10,90",2,5,3,black_box,demand,3588.1010386018206,3588.1010386018206,3532.417063814641,3600.568110163804,3600.568110163804,3544.8870264451643,3071.458952250684,1.0540001392364502
"Unif 10,90",2,5,3,black_box,cost,2678.2826606254966,2604.579507384977,-4656.027500322253,2706.7872910368396,2802.669813271053,3850.0005246281044,2713.010643276122,52.84099984169006
"Unif 10,90",2,5,3,ls_independent,demand,3588.1010386018206,3588.1010386018206,3527.5948672267637,3600.568110163804,3600.568110163804,3539.233740519531,3071.458952250684,3.184000015258789
"Unif 10,90",2,5,3,ls_independent,cost,2678.2826606254966,2604.579507384977,-20476.024075402256,2706.7872910368396,2802.669813271053,4818.422877243899,2713.010643276122,92.39299988746643
"Unif 10,90",2,5,3,ls_dependent,demand,3588.1010386018206,3588.1010386018206,3527.5948672267637,3600.568110163804,3600.568110163804,3539.233740519531,3071.458952250684,0.1420001983642578
"Unif 10,90",2,5,3,ls_dependent,cost,2678.2826606254966,2604.579507384977,-99312.82943809488,2706.7872910368396,2802.669813271053,209683.36347894632,2713.010643276122,62.098000049591064
"Unif 10,90",2,5,4,black_box,demand,3588.1010386018206,3573.709713968947,3533.781442741438,3600.568110163804,3590.5979680556384,3547.591606194226,3071.458952250684,1.9879999160766602
"Unif 10,90",2,5,4,black_box,cost,2678.2826606254966,2576.3113143016917,-43029.08394715151,2706.7872910368396,2788.5688329023656,37494.727657048876,2713.010643276122,69.50099992752075
"Unif 10,90",2,5,4,ls_independent,demand,3588.1010386018206,3573.709713968947,3527.60399197929,3600.568110163804,3590.5979680556384,3539.416304828717,3071.458952250684,0.7890000343322754
"Unif 10,90",2,5,4,ls_independent,cost,2678.2826606254966,2576.3113143016917,-80803.48168534414,2706.7872910368396,2788.5688329023656,73706.49712507206,2713.010643276122,147.23200011253357
"Unif 10,90",2,5,4,ls_dependent,demand,3588.1010386018206,3573.709713968947,3527.593895338813,3600.568110163804,3590.5979680556384,3539.239665846466,3071.458952250684,0.39100003242492676
"Unif 10,90",2,5,4,ls_dependent,cost,2678.2826606254966,2576.3113143016917,-175800.59711913558,2706.7872910368396,2788.5688329023656,129124.84833220308,2713.010643276122,160.72499990463257
"Unif 10,90",2,5,5,black_box,demand,3588.1010386018206,3559.592750157734,3527.9944856433935,3600.568110163804,3576.5653207571095,3540.1295521065686,3071.458952250684,2.3470001220703125
"Unif 10,90",2,5,5,black_box,cost,2678.2826606254966,-37.337374974208274,-4678.881795193857,2706.7872910368396,135.86021655550167,687.0338642957576,2713.010643276122,101.57099986076355
"Unif 10,90",2,5,5,ls_independent,demand,3588.1010386018206,3559.592750157734,3527.590999218588,3600.568110163804,3576.5653207571095,3539.328369027858,3071.458952250684,0.5759999752044678
"Unif 10,90",2,5,5,ls_independent,cost,2678.2826606254966,-37.337374974208274,-856.5614457622629,2706.7872910368396,135.86021655550167,750.1369520079011,2713.010643276122,287.8829998970032
"Unif 10,90",2,5,5,ls_dependent,demand,3588.1010386018206,3559.592750157734,3527.590999218589,3600.568110163804,3576.5653207571095,3539.3283690278586,3071.458952250684,0.4049999713897705
"Unif 10,90",2,5,5,ls_dependent,cost,2678.2826606254966,-37.337374974208274,-3755.745574986777,2706.7872910368396,135.86021655550167,1208.777672180588,2713.010643276122,290.3659999370575
"Unif 10,90",3,5,2,black_box,demand,5607.9251158633815,5466.233256473194,5404.63905171897,5649.77781447049,5528.021259455889,5464.159959015703,4855.725666909574,1.5
"Unif 10,90",3,5,2,black_box,cost,2828.9611696899183,2729.91918907839,-1834.0021535049543,2865.8998255188762,2877.998837914855,4088.5043107922916,2929.491683231719,51.69700002670288
"Unif 10,90",3,5,2,ls_independent,demand,5607.9251158633815,5466.233256473194,5393.254666914858,5649.77781447049,5528.021259455889,5447.808521484454,4855.725666909574,0.934999942779541
"Unif 10,90",3,5,2,ls_independent,cost,2828.9611696899183,2729.91918907839,-468.1751144760941,2865.8998255188762,2877.998837914855,1650.6842327433378,2929.491683231719,79.81399989128113
"Unif 10,90",3,5,2,ls_dependent,demand,5607.9251158633815,5466.233256473194,5393.223053396226,5649.77781447049,5528.021259455889,5447.483813552211,4855.725666909574,0.33500003814697266
"Unif 10,90",3,5,2,ls_dependent,cost,2828.9611696899183,2729.91918907839,-3073.523631128699,2865.8998255188762,2877.998837914855,11185.945359864396,2929.491683231719,75.88800001144409
"Unif 10,90",3,5,3,black_box,demand,5607.9251158633815,5457.369647562896,5407.555457402399,5649.77781447049,5511.231343329897,5461.670196177836,4855.725666909574,2.690999984741211
"Unif 10,90",3,5,3,black_box,cost,2828.9611696899183,2731.1044951572862,-23227.634062549267,2865.8998255188762,2826.3301367852555,20177.17795244944,2929.491683231719,105.33699989318848
"Unif 10,90",3,5,3,ls_independent,demand,5607.9251158633815,5457.369647562896,5393.163055521813,5649.77781447049,5511.231343329897,5447.112946133056,4855.725666909574,1.4150002002716064
"Unif 10,90",3,5,3,ls_independent,cost,2828.9611696899183,2731.1044951572862,-449.9524849347134,2865.8998255188762,2826.3301367852555,487.2246843797037,2929.491683231719,222.84299993515015
"Unif 10,90",3,5,3,ls_dependent,demand,5607.9251158633815,5457.369647562896,5393.163055521813,5649.77781447049,5511.231343329897,5447.112946133056,4855.725666909574,0.7009999752044678
"Unif 10,90",3,5,3,ls_dependent,cost,2828.9611696899183,2731.1044951572862,-365.90160484848053,2865.8998255188762,2826.3301367852555,51.97298526277417,2929.491683231719,358.2339999675751
"Unif 10,90",3,5,4,black_box,demand,5607.9251158633815,5435.634779184192,5397.250467812251,5649.77781447049,5490.405913793849,5447.870353021929,4855.725666909574,4.016999959945679
"Unif 10,90",3,5,4,black_box,cost,2828.9611696899183,2689.3094939257535,-1497.0356952354214,2865.8998255188762,2944.641461579651,5951.041746228338,2929.491683231719,177.5970001220703
"Unif 10,90",3,5,4,ls_independent,demand,5607.9251158633815,5435.634779184192,5393.164053238801,5649.77781447049,5490.405913793849,5446.976335182353,4855.725666909574,2.8320000171661377
"Unif 10,90",3,5,4,ls_independent,cost,2828.9611696899183,2689.3094939257535,-494.8660182049401,2865.8998255188762,2944.641461579651,278.21437931152377,2929.491683231719,419.74500012397766
"Unif 10,90",3,5,4,ls_dependent,demand,5607.9251158633815,5435.634779184192,5393.164053238801,5649.77781447049,5490.405913793849,5446.976335182353,4855.725666909574,0.9210000038146973
"Unif 10,90",3,5,4,ls_dependent,cost,2828.9611696899183,2689.3094939257535,-16422.441637094504,2865.8998255188762,2944.641461579651,43921.007949028,2929.491683231719,471.8550000190735
"Unif 10,90",3,5,5,black_box,demand,5607.9251158633815,5401.891344305251,5399.364072007837,5649.77781447049,5453.800890751341,5451.089768267165,4855.725666909574,6.428999900817871
"Unif 10,90",3,5,5,black_box,cost,2828.9611696899183,-37.337374974208274,-52506.00221922365,2865.8998255188762,151.55240169621035,72162.61169654765,2929.491683231719,254.92199993133545
"Unif 10,90",3,5,5,ls_independent,demand,5607.9251158633815,5401.891344305251,5393.156809324893,5649.77781447049,5453.800890751341,5447.062967921231,4855.725666909574,6.167999982833862
"Unif 10,90",3,5,5,ls_independent,cost,2828.9611696899183,-37.337374974208274,-1751.0044714099413,2865.8998255188762,151.55240169621035,3202.972110709789,2929.491683231719,871.760999917984
"Unif 10,90",3,5,5,ls_dependent,demand,5607.9251158633815,5401.891344305251,5393.156809324893,5649.77781447049,5453.800890751341,5447.062967921231,4855.725666909574,2.866999864578247
"Unif 10,90",3,5,5,ls_dependent,cost,2828.9611696899183,-37.337374974208274,-27571.41577849647,2865.8998255188762,151.55240169621035,26481.922709596958,2929.491683231719,888.1349999904633
"Unif 10,90",4,5,2,black_box,demand,10238.216415561255,10177.693092228608,10046.265249015962,10204.402660156655,10133.564329143725,10011.541095029675,9103.422416408459,2.8999998569488525
"Unif 10,90",4,5,2,black_box,cost,7104.919166246062,6833.86888494185,-303.9506786012815,7098.669756594317,7102.314800816493,255.1453317942543,7480.100675793532,108.79200005531311
"Unif 10,90",4,5,2,ls_independent,demand,10238.216415561255,10177.693092228608,10016.575816332668,10204.402660156655,10133.564329143725,9981.210115792172,9103.422416408459,1.191999912261963
"Unif 10,90",4,5,2,ls_independent,cost,7104.919166246062,6833.86888494185,-136.32393180333088,7098.669756594317,7102.314800816493,1068.196595035574,7480.100675793532,203.94199991226196
"Unif 10,90",4,5,2,ls_dependent,demand,10238.216415561255,10177.693092228608,10016.27163693413,10204.402660156655,10133.564329143725,9980.920643301359,9103.422416408459,0.7060000896453857
"Unif 10,90",4,5,2,ls_dependent,cost,7104.919166246062,6833.86888494185,-50116.919695235716,7098.669756594317,7102.314800816493,1779.6626212980416,7480.100675793532,155.13199996948242
"Unif 10,90",4,5,3,black_box,demand,10238.216415561255,10052.559245162522,10018.56086524965,10204.402660156655,10016.220739321685,9983.901520559006,9103.422416408459,4.818000078201294
"Unif 10,90",4,5,3,black_box,cost,7104.919166246062,6851.060763990223,-953.148858772955,7098.669756594317,6923.015530899674,2005.1093891363732,7480.100675793532,159.3109998703003
"Unif 10,90",4,5,3,ls_independent,demand,10238.216415561255,10052.559245162522,10016.22522284193,10204.402660156655,10016.220739321685,9980.914977657983,9103.422416408459,1.815000057220459
"Unif 10,90",4,5,3,ls_independent,cost,7104.919166246062,6851.060763990223,-4234.497768132964,7098.669756594317,6923.015530899674,22161.13198805082,7480.100675793532,457.00600004196167
"Unif 10,90",4,5,3,ls_dependent,demand,10238.216415561255,10052.559245162522,10016.22522284193,10204.402660156655,10016.220739321685,9980.914977657983,9103.422416408459,1.2639999389648438
"Unif 10,90",4,5,3,ls_dependent,cost,7104.919166246062,6851.060763990223,-245963.79602458977,7098.669756594317,6923.015530899674,101870.44751700548,7480.100675793532,669.6510000228882
"Unif 10,90",4,5,4,black_box,demand,10238.216415561255,10022.080307671584,10001.377770310528,10204.402660156655,9986.77351068349,9963.662181478623,9103.422416408459,7.609999895095825
"Unif 10,90",4,5,4,black_box,cost,7104.919166246062,6743.8897062302985,-1171.620114954584,7098.669756594317,7240.821603438978,2042.3753255553431,7480.100675793532,277.3990001678467
"Unif 10,90",4,5,4,ls_independent,demand,10238.216415561255,10022.080307671584,9993.679779153495,10204.402660156655,9986.77351068349,9956.59332079551,9103.422416408459,7.990999937057495
"Unif 10,90",4,5,4,ls_independent,cost,7104.919166246062,6743.8897062302985,-343.6647721051385,7098.669756594317,7240.821603438978,107.41682711760208,7480.100675793532,1019.5
"Unif 10,90",4,5,4,ls_dependent,demand,10238.216415561255,10022.080307671584,9993.380600695122,10204.402660156655,9986.77351068349,9956.228897967852,9103.422416408459,9.050999879837036
"Unif 10,90",4,5,4,ls_dependent,cost,7104.919166246062,6743.8897062302985,-904.0844302506137,7098.669756594317,7240.821603438978,595.8858903489556,7480.100675793532,941.3340001106262
"Unif 10,90",4,5,5,black_box,demand,10238.216415561255,10027.698091804456,9999.685088960483,10204.402660156655,9991.250790958213,9962.386454905054,9103.422416408459,9.490000009536743
"Unif 10,90",4,5,5,black_box,cost,7104.919166246062,-37.337374974208274,-722.9302820996377,7098.669756594317,152.4834540597787,1020.6046738859842,7480.100675793532,423.72899985313416
"Unif 10,90",4,5,5,ls_independent,demand,10238.216415561255,10027.698091804456,9993.762697835555,10204.402660156655,9991.250790958213,9956.637013570851,9103.422416408459,7.668999910354614
"Unif 10,90",4,5,5,ls_independent,cost,7104.919166246062,-37.337374974208274,-2307.9352252052763,7098.669756594317,152.4834540597787,2080.6799818158433,7480.100675793532,1797.1529998779297
