idx_p,idx_v,nb,displace_func,metric,value_uni,value_opt,time_uni,time_opt
1,1,1,black_box,obj_pwldr,27411.484929863214,27340.786932194304,0.03000020980834961,7.667999982833862
1,1,1,black_box,dr_pwldr,27337.067014372074,27279.349241418047,0.03000020980834961,7.667999982833862
1,1,1,black_box,reopt_pwldr,25849.047900191825,26367.84374428715,0.03000020980834961,7.667999982833862
1,1,1,local_search,obj_pwldr,27411.484929863214,27340.786932194304,0.03000020980834961,0.1770000457763672
1,1,1,local_search,dr_pwldr,27337.067014372074,27279.349241418047,0.03000020980834961,0.1770000457763672
1,1,1,local_search,reopt_pwldr,25849.047900191825,26367.84374428715,0.03000020980834961,0.1770000457763672
1,1,2,black_box,obj_pwldr,27363.346694668195,27333.099390663792,0.025999784469604492,1.442000150680542
1,1,2,black_box,dr_pwldr,27308.20640088982,27270.70844405996,0.025999784469604492,1.442000150680542
1,1,2,black_box,reopt_pwldr,26660.311546019584,26327.02230867844,0.025999784469604492,1.442000150680542
1,1,2,local_search,obj_pwldr,27363.346694668195,27333.067682454002,0.025999784469604492,0.09199976921081543
1,1,2,local_search,dr_pwldr,27308.20640088982,27272.445320517803,0.025999784469604492,0.09199976921081543
1,1,2,local_search,reopt_pwldr,26660.311546019584,26390.121530949167,0.025999784469604492,0.09199976921081543
1,1,3,black_box,obj_pwldr,27403.795550563675,27333.104617876113,0.03000020980834961,1.749000072479248
1,1,3,black_box,dr_pwldr,27329.479362302045,27271.823067197998,0.03000020980834961,1.749000072479248
1,1,3,black_box,reopt_pwldr,25849.047900191825,26368.203424448067,0.03000020980834961,1.749000072479248
1,1,3,local_search,obj_pwldr,27403.795550563675,27333.104617876113,0.03000020980834961,0.09200000762939453
1,1,3,local_search,dr_pwldr,27329.479362302045,27271.823067197998,0.03000020980834961,0.09200000762939453
1,1,3,local_search,reopt_pwldr,25849.047900191825,26368.203424448067,0.03000020980834961,0.09200000762939453
1,1,4,black_box,obj_pwldr,27334.899016925414,27332.74140531803,0.029000043869018555,1.9920001029968262
1,1,4,black_box,dr_pwldr,27272.78069339612,27270.406050380832,0.029000043869018555,1.9920001029968262
1,1,4,black_box,reopt_pwldr,26335.754215409183,26329.36058288667,0.029000043869018555,1.9920001029968262
1,1,4,local_search,obj_pwldr,27334.899016925414,27332.539733601247,0.029000043869018555,0.17300009727478027
1,1,4,local_search,dr_pwldr,27272.78069339612,27271.230754398515,0.029000043869018555,0.17300009727478027
1,1,4,local_search,reopt_pwldr,26335.754215409183,26367.6691635962,0.029000043869018555,0.17300009727478027
1,1,5,black_box,obj_pwldr,27358.220441801823,27332.67466179817,0.03299999237060547,2.324000120162964
1,1,5,black_box,dr_pwldr,27303.40082060366,27270.44091826605,0.03299999237060547,2.324000120162964
1,1,5,black_box,reopt_pwldr,26660.311546019577,26333.165904465306,0.03299999237060547,2.324000120162964
1,1,5,local_search,obj_pwldr,27358.220441801823,27332.519202230964,0.03299999237060547,0.22799992561340332
1,1,5,local_search,dr_pwldr,27303.40082060366,27271.137283036765,0.03299999237060547,0.22799992561340332
1,1,5,local_search,reopt_pwldr,26660.311546019577,26365.13200765555,0.03299999237060547,0.22799992561340332
1,1,6,black_box,obj_pwldr,27339.666938048384,27332.639771952705,0.04200005531311035,2.7649998664855957
1,1,6,black_box,dr_pwldr,27274.56895257904,27271.310052034205,0.04200005531311035,2.7649998664855957
1,1,6,black_box,reopt_pwldr,26196.658216576194,26366.772261095564,0.04200005531311035,2.7649998664855957
1,1,6,local_search,obj_pwldr,27339.666938048384,27332.639771952705,0.04200005531311035,0.23799991607666016
1,1,6,local_search,dr_pwldr,27274.56895257904,27271.310052034205,0.04200005531311035,0.23799991607666016
1,1,6,local_search,reopt_pwldr,26196.658216576194,26366.772261095564,0.04200005531311035,0.23799991607666016
1,1,7,black_box,obj_pwldr,27335.229789494642,27332.659085279796,0.03800010681152344,3.0370001792907715
1,1,7,black_box,dr_pwldr,27276.260841818046,27271.25486239717,0.03800010681152344,3.0370001792907715
1,1,7,black_box,reopt_pwldr,26457.463214388095,26364.285019720417,0.03800010681152344,3.0370001792907715
1,1,7,local_search,obj_pwldr,27335.229789494642,27332.659085279796,0.03800010681152344,0.2870001792907715
1,1,7,local_search,dr_pwldr,27276.260841818046,27271.25486239717,0.03800010681152344,0.2870001792907715
1,1,7,local_search,reopt_pwldr,26457.463214388095,26364.285019720424,0.03800010681152344,0.2870001792907715
1,1,8,black_box,obj_pwldr,27347.472208766856,27332.594121796297,0.03800010681152344,3.505000114440918
1,1,8,black_box,dr_pwldr,27280.357048884965,27271.493170156315,0.03800010681152344,3.505000114440918
1,1,8,black_box,reopt_pwldr,26119.382661668977,26374.436961487027,0.03800010681152344,3.505000114440918
1,1,8,local_search,obj_pwldr,27347.472208766856,27332.52530377896,0.03800010681152344,0.41499996185302734
1,1,8,local_search,dr_pwldr,27280.357048884965,27270.797679785122,0.03800010681152344,0.41499996185302734
1,1,8,local_search,reopt_pwldr,26119.382661668977,26352.991329604047,0.03800010681152344,0.41499996185302734
1,1,9,black_box,obj_pwldr,27333.053565893515,27332.590876399667,0.04800009727478027,3.9160001277923584
1,1,9,black_box,dr_pwldr,27270.882704058025,27271.236444112,0.04800009727478027,3.9160001277923584
1,1,9,black_box,reopt_pwldr,26335.754215409183,26366.11966996591,0.04800009727478027,3.9160001277923584
1,1,9,local_search,obj_pwldr,27333.053565893515,27332.573723997586,0.04800009727478027,0.5420000553131104
1,1,9,local_search,dr_pwldr,27270.882704058025,27270.679846815096,0.04800009727478027,0.5420000553131104
1,1,9,local_search,reopt_pwldr,26335.754215409183,26346.75625048001,0.04800009727478027,0.5420000553131104
1,1,10,black_box,obj_pwldr,27339.48081104301,27332.559286368716,0.046000003814697266,4.3420000076293945
1,1,10,black_box,dr_pwldr,27281.647788236187,27271.125521239406,0.046000003814697266,4.3420000076293945
1,1,10,black_box,reopt_pwldr,26512.785486651246,26363.428873767156,0.046000003814697266,4.3420000076293945
1,1,10,local_search,obj_pwldr,27339.48081104301,27332.559286368716,0.046000003814697266,0.5119998455047607
1,1,10,local_search,dr_pwldr,27281.647788236187,27271.125521239406,0.046000003814697266,0.5119998455047607
1,1,10,local_search,reopt_pwldr,26512.785486651246,26363.428873767156,0.046000003814697266,0.5119998455047607
1,2,1,black_box,obj_pwldr,27358.04447816246,27243.579844712418,0.023000001907348633,2.322000026702881
1,2,1,black_box,dr_pwldr,27377.547919094028,27246.76633075554,0.023000001907348633,2.322000026702881
1,2,1,black_box,reopt_pwldr,25832.963896840556,26693.00445370784,0.023000001907348633,2.322000026702881
1,2,1,local_search,obj_pwldr,27358.04447816246,27243.195093838458,0.023000001907348633,0.07600021362304688
1,2,1,local_search,dr_pwldr,27377.547919094028,27248.265050584512,0.023000001907348633,0.07600021362304688
1,2,1,local_search,reopt_pwldr,25832.963896840556,26609.292952296943,0.023000001907348633,0.07600021362304688
1,2,2,black_box,obj_pwldr,27204.743218130716,27202.241908859556,0.037999868392944336,4.153000116348267
1,2,2,black_box,dr_pwldr,27209.029521085537,27206.602846023,0.037999868392944336,4.153000116348267
1,2,2,black_box,reopt_pwldr,26622.688063379028,26621.334641533766,0.037999868392944336,4.153000116348267
1,2,2,local_search,obj_pwldr,27204.743218130716,27202.241908859556,0.037999868392944336,0.09200000762939453
1,2,2,local_search,dr_pwldr,27209.029521085537,27206.602846023,0.037999868392944336,0.09200000762939453
1,2,2,local_search,reopt_pwldr,26622.688063379028,26621.334641533766,0.037999868392944336,0.09200000762939453
1,2,3,black_box,obj_pwldr,27278.29628548821,27202.31361448361,0.0559999942779541,7.230000019073486
1,2,3,black_box,dr_pwldr,27277.431996928506,27207.449303567406,0.0559999942779541,7.230000019073486
1,2,3,black_box,reopt_pwldr,27026.510593024886,26585.29556599094,0.0559999942779541,7.230000019073486
1,2,3,local_search,obj_pwldr,27278.29628548821,27202.062866295983,0.0559999942779541,0.44500017166137695
1,2,3,local_search,dr_pwldr,27277.431996928506,27206.326016907326,0.0559999942779541,0.44500017166137695
1,2,3,local_search,reopt_pwldr,27026.510593024886,26625.534377470885,0.0559999942779541,0.44500017166137695
1,2,4,black_box,obj_pwldr,27230.31457728336,27200.24250019687,0.06700015068054199,11.592999935150146
1,2,4,black_box,dr_pwldr,27242.571445464207,27204.93031688077,0.06700015068054199,11.592999935150146
1,2,4,black_box,reopt_pwldr,26299.026079250445,26606.336988626215,0.06700015068054199,11.592999935150146
1,2,4,local_search,obj_pwldr,27230.31457728336,27198.76643501912,0.06700015068054199,1.99399995803833
1,2,4,local_search,dr_pwldr,27242.571445464207,27203.49958170846,0.06700015068054199,1.99399995803833
1,2,4,local_search,reopt_pwldr,26299.026079250445,26603.568950935107,0.06700015068054199,1.99399995803833
1,2,5,black_box,obj_pwldr,27202.320023460372,27199.550626333294,0.08500003814697266,14.253000020980835
1,2,5,black_box,dr_pwldr,27206.547036432996,27203.585037468292,0.08500003814697266,14.253000020980835
1,2,5,black_box,reopt_pwldr,26622.688063379035,26635.803968761065,0.08500003814697266,14.253000020980835
1,2,5,local_search,obj_pwldr,27202.320023460372,27199.04563614463,0.08500003814697266,1.5239999294281006
1,2,5,local_search,dr_pwldr,27206.547036432996,27203.634445698382,0.08500003814697266,1.5239999294281006
1,2,5,local_search,reopt_pwldr,26622.688063379035,26608.469888468233,0.08500003814697266,1.5239999294281006
1,2,6,black_box,obj_pwldr,27224.874105095714,27199.40717609889,0.11399984359741211,17.542999982833862
1,2,6,black_box,dr_pwldr,27226.19619338603,27204.423816628,0.11399984359741211,17.542999982833862
1,2,6,black_box,reopt_pwldr,26852.34662490121,26588.823054206954,0.11399984359741211,17.542999982833862
1,2,6,local_search,obj_pwldr,27224.874105095714,27199.17885683238,0.11399984359741211,2.510999917984009
1,2,6,local_search,dr_pwldr,27226.19619338603,27204.263586525532,0.11399984359741211,2.510999917984009
1,2,6,local_search,reopt_pwldr,26852.34662490121,26588.313532213822,0.11399984359741211,2.510999917984009
1,2,7,black_box,obj_pwldr,27209.20318637568,27199.035878430528,0.18700003623962402,22.710999965667725
1,2,7,black_box,dr_pwldr,27218.78368166356,27203.91742395495,0.18700003623962402,22.710999965667725
1,2,7,black_box,reopt_pwldr,26417.485647320005,26594.383655369664,0.18700003623962402,22.710999965667725
1,2,7,local_search,obj_pwldr,27209.20318637568,27198.854865699734,0.18700003623962402,5.011999845504761
1,2,7,local_search,dr_pwldr,27218.78368166356,27203.793876687683,0.18700003623962402,5.011999845504761
1,2,7,local_search,reopt_pwldr,26417.485647320005,26593.99490276227,0.18700003623962402,5.011999845504761
1,2,8,black_box,obj_pwldr,27200.741211174034,27198.797589571026,0.14800000190734863,21.831000089645386
1,2,8,black_box,dr_pwldr,27204.904208873988,27203.65705765078,0.14800000190734863,21.831000089645386
1,2,8,black_box,reopt_pwldr,26621.678881867792,26597.368506641476,0.14800000190734863,21.831000089645386
1,2,8,local_search,obj_pwldr,27200.741211174034,27198.797589571026,0.14800000190734863,2.5190000534057617
1,2,8,local_search,dr_pwldr,27204.904208873988,27203.65705765078,0.14800000190734863,2.5190000534057617
1,2,8,local_search,reopt_pwldr,26621.678881867792,26597.368506641476,0.14800000190734863,2.5190000534057617
1,2,9,black_box,obj_pwldr,27212.59331076562,27198.839978596454,0.15799999237060547,24.651999950408936
1,2,9,black_box,dr_pwldr,27214.284258088734,27203.52318095821,0.15799999237060547,24.651999950408936
1,2,9,black_box,reopt_pwldr,26783.18132723863,26605.603672386107,0.15799999237060547,24.651999950408936
1,2,9,local_search,obj_pwldr,27212.59331076562,27198.839978596454,0.15799999237060547,3.010000228881836
1,2,9,local_search,dr_pwldr,27214.284258088734,27203.52318095821,0.15799999237060547,3.010000228881836
1,2,9,local_search,reopt_pwldr,26783.18132723863,26605.603672386107,0.15799999237060547,3.010000228881836
1,2,10,black_box,obj_pwldr,27204.062174056806,27198.619661353343,0.17499995231628418,28.20199990272522
1,2,10,black_box,dr_pwldr,27212.25003771466,27203.46394539615,0.17499995231628418,28.20199990272522
1,2,10,black_box,reopt_pwldr,26472.570181607218,26599.195974675815,0.17499995231628418,28.20199990272522
1,2,10,local_search,obj_pwldr,27204.062174056806,27198.619661353343,0.17499995231628418,3.193000078201294
1,2,10,local_search,dr_pwldr,27212.25003771466,27203.46394539615,0.17499995231628418,3.193000078201294
1,2,10,local_search,reopt_pwldr,26472.570181607218,26599.195974675815,0.17499995231628418,3.193000078201294
1,3,1,black_box,obj_pwldr,26772.467691500857,26739.947705585666,0.003000020980834961,0.8980000019073486
1,3,1,black_box,dr_pwldr,26740.501824951443,26716.06083461756,0.003000020980834961,0.8980000019073486
1,3,1,black_box,reopt_pwldr,25849.047900191825,26076.495419774332,0.003000020980834961,0.8980000019073486
1,3,1,local_search,obj_pwldr,26772.467691500857,26739.947705585666,0.003000020980834961,0.039999961853027344
1,3,1,local_search,dr_pwldr,26740.501824951443,26716.06083461756,0.003000020980834961,0.039999961853027344
1,3,1,local_search,reopt_pwldr,25849.047900191825,26076.495419774332,0.003000020980834961,0.039999961853027344
1,3,2,black_box,obj_pwldr,26900.36025089552,26734.445385590076,0.020999908447265625,1.24399995803833
1,3,2,black_box,dr_pwldr,26891.305826123382,26711.304789841266,0.020999908447265625,1.24399995803833
1,3,2,black_box,reopt_pwldr,26660.31154601958,26090.433189676445,0.020999908447265625,1.24399995803833
1,3,2,local_search,obj_pwldr,26900.36025089552,26734.445385590076,0.020999908447265625,0.05500006675720215
1,3,2,local_search,dr_pwldr,26891.305826123382,26711.304789841266,0.020999908447265625,0.05500006675720215
1,3,2,local_search,reopt_pwldr,26660.31154601958,26090.433189676445,0.020999908447265625,0.05500006675720215
1,3,3,black_box,obj_pwldr,26765.137374692134,26731.495415405265,0.0279998779296875,1.5029997825622559
1,3,3,black_box,dr_pwldr,26733.442024599957,26708.269916932193,0.0279998779296875,1.5029997825622559
1,3,3,black_box,reopt_pwldr,25849.047900191825,26080.55192476516,0.0279998779296875,1.5029997825622559
1,3,3,local_search,obj_pwldr,26765.137374692134,26731.495415405265,0.0279998779296875,0.0840001106262207
1,3,3,local_search,dr_pwldr,26733.442024599957,26708.269916932193,0.0279998779296875,0.0840001106262207
1,3,3,local_search,reopt_pwldr,25849.047900191825,26080.55192476516,0.0279998779296875,0.0840001106262207
1,3,4,black_box,obj_pwldr,26766.87585080651,26730.734231447346,0.03600001335144043,1.815000057220459
1,3,4,black_box,dr_pwldr,26751.68024533344,26707.81660396757,0.03600001335144043,1.815000057220459
1,3,4,black_box,reopt_pwldr,26335.754215409183,26087.636252465007,0.03600001335144043,1.815000057220459
1,3,4,local_search,obj_pwldr,26766.87585080651,26730.734231447346,0.03600001335144043,0.1119999885559082
1,3,4,local_search,dr_pwldr,26751.68024533344,26707.81660396757,0.03600001335144043,0.1119999885559082
1,3,4,local_search,reopt_pwldr,26335.754215409183,26087.636252465007,0.03600001335144043,0.1119999885559082
1,3,5,black_box,obj_pwldr,26761.040127644188,26731.20718819518,0.029999971389770508,2.2039999961853027
1,3,5,black_box,dr_pwldr,26729.649686244873,26708.851677171788,0.029999971389770508,2.2039999961853027
1,3,5,black_box,reopt_pwldr,25849.047900191825,26101.444800261565,0.029999971389770508,2.2039999961853027
1,3,5,local_search,obj_pwldr,26761.040127644188,26730.82052492716,0.029999971389770508,0.437000036239624
1,3,5,local_search,dr_pwldr,26729.649686244873,26708.135600859245,0.029999971389770508,0.437000036239624
1,3,5,local_search,reopt_pwldr,25849.047900191825,26093.300807819953,0.029999971389770508,0.437000036239624
1,3,6,black_box,obj_pwldr,26737.894342522308,26730.3905215315,0.03299999237060547,2.5169999599456787
1,3,6,black_box,dr_pwldr,26718.98111257047,26708.330510917425,0.03299999237060547,2.5169999599456787
1,3,6,black_box,reopt_pwldr,26196.658216576194,26106.811178567074,0.03299999237060547,2.5169999599456787
1,3,6,local_search,obj_pwldr,26737.894342522308,26730.0765574504,0.03299999237060547,0.3400001525878906
1,3,6,local_search,dr_pwldr,26718.98111257047,26706.660727556467,0.03299999237060547,0.3400001525878906
1,3,6,local_search,reopt_pwldr,26196.658216576194,26075.270786965546,0.03299999237060547,0.3400001525878906
1,3,7,black_box,obj_pwldr,26758.670364112342,26729.894257649754,0.03800010681152344,2.9580001831054688
1,3,7,black_box,dr_pwldr,26727.384572333478,26706.82336764923,0.03800010681152344,2.9580001831054688
1,3,7,black_box,reopt_pwldr,25849.047900191825,26082.584202690392,0.03800010681152344,2.9580001831054688
1,3,7,local_search,obj_pwldr,26758.670364112342,26729.894257649754,0.03800010681152344,0.26999998092651367
1,3,7,local_search,dr_pwldr,26727.384572333478,26706.82336764923,0.03800010681152344,0.26999998092651367
1,3,7,local_search,reopt_pwldr,25849.047900191825,26082.584202690392,0.03800010681152344,0.26999998092651367
1,3,8,black_box,obj_pwldr,26730.953413762934,26729.879042616445,0.03900003433227539,3.380000114440918
1,3,8,black_box,dr_pwldr,26709.424600228387,26706.910536479634,0.03900003433227539,3.380000114440918
1,3,8,black_box,reopt_pwldr,26119.38266166897,26085.244638406177,0.03900003433227539,3.380000114440918
1,3,8,local_search,obj_pwldr,26730.953413762934,26729.879042616445,0.03900003433227539,0.3380000591278076
1,3,8,local_search,dr_pwldr,26709.424600228387,26706.910536479634,0.03900003433227539,0.3380000591278076
1,3,8,local_search,reopt_pwldr,26119.38266166897,26085.244638406177,0.03900003433227539,0.3380000591278076
1,3,9,black_box,obj_pwldr,26759.412035455494,26729.718553942865,0.053999900817871094,3.8910000324249268
1,3,9,black_box,dr_pwldr,26728.067751954255,26706.17874306036,0.053999900817871094,3.8910000324249268
1,3,9,black_box,reopt_pwldr,25849.047900191825,26071.472083766406,0.053999900817871094,3.8910000324249268
1,3,9,local_search,obj_pwldr,26759.412035455494,26729.718553942865,0.053999900817871094,0.3989999294281006
1,3,9,local_search,dr_pwldr,26728.067751954255,26706.17874306036,0.053999900817871094,0.3989999294281006
1,3,9,local_search,reopt_pwldr,25849.047900191825,26071.472083766406,0.053999900817871094,0.3989999294281006
1,3,10,black_box,obj_pwldr,26730.37174028745,26729.978465089724,0.051000118255615234,4.4029998779296875
1,3,10,black_box,dr_pwldr,26706.716484062883,26706.867544195837,0.051000118255615234,4.4029998779296875
1,3,10,black_box,reopt_pwldr,26070.207308546236,26081.96923887528,0.051000118255615234,4.4029998779296875
1,3,10,local_search,obj_pwldr,26730.37174028745,26729.743390161337,0.051000118255615234,0.9059998989105225
1,3,10,local_search,dr_pwldr,26706.716484062883,26706.474420991293,0.051000118255615234,0.9059998989105225
1,3,10,local_search,reopt_pwldr,26070.207308546236,26077.98659986029,0.051000118255615234,0.9059998989105225
1,4,1,black_box,obj_pwldr,27245.203058455943,27200.91219563205,0.01399993896484375,0.8860001564025879
1,4,1,black_box,dr_pwldr,27203.366132660936,27163.968624597015,0.01399993896484375,0.8860001564025879
1,4,1,black_box,reopt_pwldr,25849.047900191825,26243.388768797173,0.01399993896484375,0.8860001564025879
1,4,1,local_search,obj_pwldr,27245.203058455943,27200.91219563205,0.01399993896484375,0.034999847412109375
1,4,1,local_search,dr_pwldr,27203.366132660936,27163.968624597015,0.01399993896484375,0.034999847412109375
1,4,1,local_search,reopt_pwldr,25849.047900191825,26243.388768797173,0.01399993896484375,0.034999847412109375
1,4,2,black_box,obj_pwldr,27252.394121479756,27200.94333303306,0.01900005340576172,1.184000015258789
1,4,2,black_box,dr_pwldr,27222.253613766356,27164.104245100352,0.01900005340576172,1.184000015258789
1,4,2,black_box,reopt_pwldr,26660.31154601958,26249.414036768794,0.01900005340576172,1.184000015258789
1,4,2,local_search,obj_pwldr,27252.394121479756,27200.94333303306,0.01900005340576172,0.0559999942779541
1,4,2,local_search,dr_pwldr,27222.253613766356,27164.104245100352,0.01900005340576172,0.0559999942779541
1,4,2,local_search,reopt_pwldr,26660.31154601958,26249.414036768794,0.01900005340576172,0.0559999942779541
1,4,3,black_box,obj_pwldr,27245.203058455943,27200.932849334666,0.026000022888183594,1.4490001201629639
1,4,3,black_box,dr_pwldr,27203.366132660936,27164.065863179658,0.026000022888183594,1.4490001201629639
1,4,3,black_box,reopt_pwldr,25849.047900191825,26247.788512275518,0.026000022888183594,1.4490001201629639
1,4,3,local_search,obj_pwldr,27245.203058455943,27200.932849334666,0.026000022888183594,0.08899998664855957
1,4,3,local_search,dr_pwldr,27203.366132660936,27164.065863179658,0.026000022888183594,0.08899998664855957
1,4,3,local_search,reopt_pwldr,25849.047900191825,26247.788512275518,0.026000022888183594,0.08899998664855957
1,4,4,black_box,obj_pwldr,27203.707730215825,27200.90293390657,0.03099989891052246,1.7790000438690186
1,4,4,black_box,dr_pwldr,27168.404059449094,27163.882166002706,0.03099989891052246,1.7790000438690186
1,4,4,black_box,reopt_pwldr,26335.754215409183,26239.11527948341,0.03099989891052246,1.7790000438690186
1,4,4,local_search,obj_pwldr,27203.707730215825,27200.90293390657,0.03099989891052246,0.13199996948242188
1,4,4,local_search,dr_pwldr,27168.404059449094,27163.882166002706,0.03099989891052246,0.13199996948242188
1,4,4,local_search,reopt_pwldr,26335.754215409183,26239.11527948341,0.03099989891052246,0.13199996948242188
1,4,5,black_box,obj_pwldr,27245.203058455943,27200.903300863665,0.0279998779296875,2.1050000190734863
1,4,5,black_box,dr_pwldr,27203.366132660936,27163.888851067797,0.0279998779296875,2.1050000190734863
1,4,5,black_box,reopt_pwldr,25849.047900191825,26239.472899805587,0.0279998779296875,2.1050000190734863
1,4,5,local_search,obj_pwldr,27245.203058455943,27200.903300863665,0.0279998779296875,0.16500020027160645
1,4,5,local_search,dr_pwldr,27203.366132660936,27163.888851067797,0.0279998779296875,0.16500020027160645
1,4,5,local_search,reopt_pwldr,25849.047900191825,26239.472899805587,0.0279998779296875,0.16500020027160645
1,4,6,black_box,obj_pwldr,27201.389629145884,27200.907466965207,0.0280001163482666,2.562000036239624
1,4,6,black_box,dr_pwldr,27163.581428548066,27163.773865275245,0.0280001163482666,2.562000036239624
1,4,6,black_box,reopt_pwldr,26196.658216576194,26233.285085221036,0.0280001163482666,2.562000036239624
1,4,6,local_search,obj_pwldr,27201.389629145884,27200.907466965207,0.0280001163482666,0.22099995613098145
1,4,6,local_search,dr_pwldr,27163.581428548066,27163.773865275245,0.0280001163482666,0.22099995613098145
1,4,6,local_search,reopt_pwldr,26196.658216576194,26233.285085221036,0.0280001163482666,0.22099995613098145
1,4,7,black_box,obj_pwldr,27214.92350617937,27200.902205705414,0.03399991989135742,2.88100004196167
1,4,7,black_box,dr_pwldr,27181.32130239532,27163.851632498456,0.03399991989135742,2.88100004196167
1,4,7,black_box,reopt_pwldr,26457.463214388095,26237.48187703864,0.03399991989135742,2.88100004196167
1,4,7,local_search,obj_pwldr,27214.92350617937,27200.902205705414,0.03399991989135742,0.26999998092651367
1,4,7,local_search,dr_pwldr,27181.32130239532,27163.851632498456,0.03399991989135742,0.26999998092651367
1,4,7,local_search,reopt_pwldr,26457.463214388095,26237.48187703864,0.03399991989135742,0.26999998092651367
1,4,8,black_box,obj_pwldr,27204.980834623067,27200.902303995743,0.039999961853027344,3.3980000019073486
1,4,8,black_box,dr_pwldr,27166.334380767425,27163.863501463864,0.039999961853027344,3.3980000019073486
1,4,8,black_box,reopt_pwldr,26119.38266166897,26238.116812254473,0.039999961853027344,3.3980000019073486
1,4,8,local_search,obj_pwldr,27204.980834623067,27200.902303995743,0.039999961853027344,0.35899996757507324
1,4,8,local_search,dr_pwldr,27166.334380767425,27163.863501463864,0.039999961853027344,0.35899996757507324
1,4,8,local_search,reopt_pwldr,26119.38266166897,26238.116812254473,0.039999961853027344,0.35899996757507324
1,4,9,black_box,obj_pwldr,27203.707730215818,27200.90230218007,0.042999982833862305,3.7790000438690186
1,4,9,black_box,dr_pwldr,27168.404059449094,27163.841804797004,0.042999982833862305,3.7790000438690186
1,4,9,black_box,reopt_pwldr,26335.754215409183,26236.956140082624,0.042999982833862305,3.7790000438690186
1,4,9,local_search,obj_pwldr,27203.707730215818,27200.90230218007,0.042999982833862305,0.4070000648498535
1,4,9,local_search,dr_pwldr,27168.404059449094,27163.841804797004,0.042999982833862305,0.4070000648498535
1,4,9,local_search,reopt_pwldr,26335.754215409183,26236.956140082624,0.042999982833862305,0.4070000648498535
1,4,10,black_box,obj_pwldr,27209.089670462778,27200.903629371485,0.053999900817871094,4.209000110626221
1,4,10,black_box,dr_pwldr,27169.855365664574,27163.893928300055,0.053999900817871094,4.209000110626221
1,4,10,black_box,reopt_pwldr,26070.207308546236,26239.744508446707,0.053999900817871094,4.209000110626221
1,4,10,local_search,obj_pwldr,27209.089670462778,27200.903629371485,0.053999900817871094,0.5119998455047607
1,4,10,local_search,dr_pwldr,27169.855365664574,27163.893928300058,0.053999900817871094,0.5119998455047607
1,4,10,local_search,reopt_pwldr,26070.207308546236,26239.744508446707,0.053999900817871094,0.5119998455047607
2,1,1,black_box,obj_pwldr,26825.267420046275,26777.4341710445,0.01699995994567871,1.6609997749328613
2,1,1,black_box,dr_pwldr,26757.493673500358,26721.55901656456,0.01699995994567871,1.6609997749328613
2,1,1,black_box,reopt_pwldr,25425.48171003975,25964.328760546225,0.01699995994567871,1.6609997749328613
2,1,1,local_search,obj_pwldr,26825.267420046275,26777.4341710445,0.01699995994567871,0.020999908447265625
2,1,1,local_search,dr_pwldr,26757.493673500358,26721.55901656456,0.01699995994567871,0.020999908447265625
2,1,1,local_search,reopt_pwldr,25425.48171003975,25964.328760546225,0.01699995994567871,0.020999908447265625
2,1,2,black_box,obj_pwldr,26751.47085005714,26746.15062326969,0.0409998893737793,3.696000099182129
2,1,2,black_box,dr_pwldr,26698.253517383837,26689.907122922148,0.0409998893737793,3.696000099182129
2,1,2,black_box,reopt_pwldr,26185.694606770503,26077.95027102973,0.0409998893737793,3.696000099182129
2,1,2,local_search,obj_pwldr,26751.47085005714,26746.15062326969,0.0409998893737793,0.17400002479553223
2,1,2,local_search,dr_pwldr,26698.253517383837,26689.907122922148,0.0409998893737793,0.17400002479553223
2,1,2,local_search,reopt_pwldr,26185.694606770503,26077.95027102973,0.0409998893737793,0.17400002479553223
2,1,3,black_box,obj_pwldr,26815.801659231547,26741.51580459069,0.039999961853027344,6.29200005531311
2,1,3,black_box,dr_pwldr,26747.915813325002,26685.225255133224,0.039999961853027344,6.29200005531311
2,1,3,black_box,reopt_pwldr,25425.48171003975,26105.810800789546,0.039999961853027344,6.29200005531311
2,1,3,local_search,obj_pwldr,26815.801659231547,26737.73175138519,0.039999961853027344,1.556999921798706
2,1,3,local_search,dr_pwldr,26747.915813325002,26680.09376503692,0.039999961853027344,1.556999921798706
2,1,3,local_search,reopt_pwldr,25425.48171003975,26063.344653967742,0.039999961853027344,1.556999921798706
2,1,4,black_box,obj_pwldr,26748.959023898864,26739.823040893945,0.06500005722045898,9.003999948501587
2,1,4,black_box,dr_pwldr,26687.923075478713,26683.030658280826,0.06500005722045898,9.003999948501587
2,1,4,black_box,reopt_pwldr,25887.668800253206,26087.17138430233,0.06500005722045898,9.003999948501587
2,1,4,local_search,obj_pwldr,26748.959023898864,26737.100917874177,0.06500005722045898,2.2029998302459717
2,1,4,local_search,dr_pwldr,26687.923075478713,26680.024099781163,0.06500005722045898,2.2029998302459717
2,1,4,local_search,reopt_pwldr,25887.668800253206,26087.113221298772,0.06500005722045898,2.2029998302459717
2,1,5,black_box,obj_pwldr,26745.735001078607,26737.85234016729,0.07599997520446777,12.164000034332275
2,1,5,black_box,dr_pwldr,26692.556414687104,26681.57935299744,0.07599997520446777,12.164000034332275
2,1,5,black_box,reopt_pwldr,26185.694606770514,26106.05794632665,0.07599997520446777,12.164000034332275
2,1,5,local_search,obj_pwldr,26745.735001078607,26737.34535999732,0.07599997520446777,1.261000156402588
2,1,5,local_search,dr_pwldr,26692.556414687104,26680.23138748436,0.07599997520446777,1.261000156402588
2,1,5,local_search,reopt_pwldr,26185.694606770514,26079.925926759257,0.07599997520446777,1.261000156402588
2,1,6,black_box,obj_pwldr,26760.20738469795,26738.321775318753,0.09300017356872559,15.54800009727478
2,1,6,black_box,dr_pwldr,26697.359201751347,26680.728765870692,0.09300017356872559,15.54800009727478
2,1,6,black_box,reopt_pwldr,25754.919895729923,26060.855441868724,0.09300017356872559,15.54800009727478
2,1,6,local_search,obj_pwldr,26760.20738469795,26736.986379555205,0.09300017356872559,4.105000019073486
2,1,6,local_search,dr_pwldr,26697.359201751347,26679.19934647081,0.09300017356872559,4.105000019073486
2,1,6,local_search,reopt_pwldr,25754.919895729923,26061.337902042815,0.09300017356872559,4.105000019073486
2,1,7,black_box,obj_pwldr,26738.780300334052,26737.264740332223,0.12199997901916504,18.39400005340576
2,1,7,black_box,dr_pwldr,26679.47175271366,26679.331276767687,0.12199997901916504,18.39400005340576
2,1,7,black_box,reopt_pwldr,26004.481343615917,26065.299294108525,0.12199997901916504,18.39400005340576
2,1,7,local_search,obj_pwldr,26738.780300334052,26737.025262145267,0.12199997901916504,2.497999906539917
2,1,7,local_search,dr_pwldr,26679.47175271366,26679.716481070616,0.12199997901916504,2.497999906539917
2,1,7,local_search,reopt_pwldr,26004.481343615917,26084.61366591461,0.12199997901916504,2.497999906539917
2,1,8,black_box,obj_pwldr,26743.49478404121,26737.10845213155,0.1380000114440918,21.875
2,1,8,black_box,dr_pwldr,26690.021100378788,26679.32968414519,0.1380000114440918,21.875
2,1,8,black_box,reopt_pwldr,26186.706738138546,26070.439844917437,0.1380000114440918,21.875
2,1,8,local_search,obj_pwldr,26743.49478404121,26736.954659605683,0.1380000114440918,4.334000110626221
2,1,8,local_search,dr_pwldr,26690.021100378788,26679.30847822298,0.1380000114440918,4.334000110626221
2,1,8,local_search,reopt_pwldr,26186.706738138546,26068.839469634528,0.1380000114440918,4.334000110626221
2,1,9,black_box,obj_pwldr,26746.202903575508,26736.928009974115,0.16100001335144043,25.250999927520752
2,1,9,black_box,dr_pwldr,26685.166322499495,26679.55513013511,0.16100001335144043,25.250999927520752
2,1,9,black_box,reopt_pwldr,25887.668800253206,26079.593803310076,0.16100001335144043,25.250999927520752
2,1,9,local_search,obj_pwldr,26746.202903575508,26736.928009974115,0.16100001335144043,2.9769999980926514
2,1,9,local_search,dr_pwldr,26685.166322499495,26679.55513013511,0.16100001335144043,2.9769999980926514
2,1,9,local_search,reopt_pwldr,25887.668800253206,26079.593803310076,0.16100001335144043,2.9769999980926514
2,1,10,black_box,obj_pwldr,26737.88524112919,26737.04078838247,0.19299983978271484,27.830999851226807
2,1,10,black_box,dr_pwldr,26679.96207584115,26679.57297809147,0.19299983978271484,27.830999851226807
2,1,10,black_box,reopt_pwldr,26053.282949892626,26071.5806976527,0.19299983978271484,27.830999851226807
2,1,10,local_search,obj_pwldr,26737.88524112919,26736.973449770478,0.19299983978271484,9.996999979019165
2,1,10,local_search,dr_pwldr,26679.96207584115,26679.48805393634,0.19299983978271484,9.996999979019165
2,1,10,local_search,reopt_pwldr,26053.282949892626,26071.44301426109,0.19299983978271484,9.996999979019165
2,2,1,black_box,obj_pwldr,26550.45000347157,26510.348080121392,0.026999950408935547,1.565999984741211
2,2,1,black_box,dr_pwldr,26513.541464756778,26475.20715440528,0.026999950408935547,1.565999984741211
2,2,1,black_box,reopt_pwldr,25539.978823934456,25800.34383155311,0.026999950408935547,1.565999984741211
2,2,1,local_search,obj_pwldr,26550.45000347157,26510.348080121392,0.026999950408935547,0.037999868392944336
2,2,1,local_search,dr_pwldr,26513.541464756778,26475.20715440528,0.026999950408935547,0.037999868392944336
2,2,1,local_search,reopt_pwldr,25539.978823934456,25800.34383155311,0.026999950408935547,0.037999868392944336
2,2,2,black_box,obj_pwldr,26646.590769132792,26504.91263180783,0.020999908447265625,1.2409999370574951
2,2,2,black_box,dr_pwldr,26611.81105769597,26470.98091419059,0.020999908447265625,1.2409999370574951
2,2,2,black_box,reopt_pwldr,26297.518467246195,25684.19131024508,0.020999908447265625,1.2409999370574951
2,2,2,local_search,obj_pwldr,26646.590769132792,26504.452362295753,0.020999908447265625,0.09599995613098145
2,2,2,local_search,dr_pwldr,26611.81105769597,26471.179061857918,0.020999908447265625,0.09599995613098145
2,2,2,local_search,reopt_pwldr,26297.518467246195,25752.109721949753,0.020999908447265625,0.09599995613098145
2,2,3,black_box,obj_pwldr,26550.45000347157,26504.0099485259,0.023999929428100586,1.5880000591278076
2,2,3,black_box,dr_pwldr,26513.541464756778,26470.40584234805,0.023999929428100586,1.5880000591278076
2,2,3,black_box,reopt_pwldr,25539.978823934456,25725.473345353494,0.023999929428100586,1.5880000591278076
2,2,3,local_search,obj_pwldr,26550.45000347157,26504.009948525905,0.023999929428100586,0.09099984169006348
2,2,3,local_search,dr_pwldr,26513.541464756778,26470.405842348053,0.023999929428100586,0.09099984169006348
2,2,3,local_search,reopt_pwldr,25539.978823934456,25725.473345353505,0.023999929428100586,0.09099984169006348
2,2,4,black_box,obj_pwldr,26530.12993973408,26504.12459464567,0.03000020980834961,1.9700000286102295
2,2,4,black_box,dr_pwldr,26500.250787489967,26470.71640702989,0.03000020980834961,1.9700000286102295
2,2,4,black_box,reopt_pwldr,25899.467846295964,25719.98040634078,0.03000020980834961,1.9700000286102295
2,2,4,local_search,obj_pwldr,26530.12993973408,26504.12459464567,0.03000020980834961,0.1380000114440918
2,2,4,local_search,dr_pwldr,26500.250787489967,26470.71640702989,0.03000020980834961,0.1380000114440918
2,2,4,local_search,reopt_pwldr,25899.467846295964,25719.98040634078,0.03000020980834961,0.1380000114440918
2,2,5,black_box,obj_pwldr,26545.018802325314,26504.15715364464,0.016000032424926758,2.4489998817443848
2,2,5,black_box,dr_pwldr,26510.157372240203,26470.741346341125,0.016000032424926758,2.4489998817443848
2,2,5,black_box,reopt_pwldr,25453.741180659275,25740.33490189938,0.016000032424926758,2.4489998817443848
2,2,5,local_search,obj_pwldr,26545.018802325314,26504.15715364464,0.016000032424926758,0.19800019264221191
2,2,5,local_search,dr_pwldr,26510.157372240203,26470.741346341125,0.016000032424926758,0.19800019264221191
2,2,5,local_search,reopt_pwldr,25453.741180659275,25740.33490189938,0.016000032424926758,0.19800019264221191
2,2,6,black_box,obj_pwldr,26506.785560535576,26504.26082502969,0.037000179290771484,2.998999834060669
2,2,6,black_box,dr_pwldr,26474.477168857182,26470.291971426162,0.037000179290771484,2.998999834060669
2,2,6,black_box,reopt_pwldr,25786.010146051314,25725.88787441996,0.037000179290771484,2.998999834060669
2,2,6,local_search,obj_pwldr,26506.785560535576,26504.26082502969,0.037000179290771484,0.26799988746643066
2,2,6,local_search,dr_pwldr,26474.477168857182,26470.291971426162,0.037000179290771484,0.26799988746643066
2,2,6,local_search,reopt_pwldr,25786.010146051314,25725.88787441996,0.037000179290771484,0.26799988746643066
2,2,7,black_box,obj_pwldr,26544.128253362378,26504.077952934775,0.03600001335144043,3.0799999237060547
2,2,7,black_box,dr_pwldr,26508.734602956316,26470.566670114473,0.03600001335144043,3.0799999237060547
2,2,7,black_box,reopt_pwldr,25468.44547690451,25714.68588618206,0.03600001335144043,3.0799999237060547
2,2,7,local_search,obj_pwldr,26544.128253362378,26504.077952934775,0.03600001335144043,0.315000057220459
2,2,7,local_search,dr_pwldr,26508.734602956316,26470.566670114473,0.03600001335144043,0.315000057220459
2,2,7,local_search,reopt_pwldr,25468.44547690451,25714.68588618206,0.03600001335144043,0.315000057220459
2,2,8,black_box,obj_pwldr,26504.208502382116,26504.031744150976,0.04699993133544922,3.5859999656677246
2,2,8,black_box,dr_pwldr,26470.280509021446,26470.50453822472,0.04699993133544922,3.5859999656677246
2,2,8,black_box,reopt_pwldr,25726.80314775538,25730.396613275323,0.04699993133544922,3.5859999656677246
2,2,8,local_search,obj_pwldr,26504.208502382116,26504.031744150976,0.04699993133544922,0.46700000762939453
2,2,8,local_search,dr_pwldr,26470.280509021446,26470.50453822472,0.04699993133544922,0.46700000762939453
2,2,8,local_search,reopt_pwldr,25726.80314775538,25730.396613275323,0.04699993133544922,0.46700000762939453
2,2,9,black_box,obj_pwldr,26526.914978118857,26504.0361932571,0.05499982833862305,3.995000123977661
2,2,9,black_box,dr_pwldr,26495.6154204449,26470.52671718528,0.05499982833862305,3.995000123977661
2,2,9,black_box,reopt_pwldr,25934.03808827545,25720.90906605032,0.05499982833862305,3.995000123977661
2,2,9,local_search,obj_pwldr,26526.914978118857,26504.0361932571,0.05499982833862305,0.4509999752044678
2,2,9,local_search,dr_pwldr,26495.6154204449,26470.52671718528,0.05499982833862305,0.4509999752044678
2,2,9,local_search,reopt_pwldr,25934.03808827545,25720.90906605032,0.05499982833862305,0.4509999752044678
2,2,10,black_box,obj_pwldr,26506.297537854673,26504.09596765328,0.04499983787536621,4.418999910354614
2,2,10,black_box,dr_pwldr,26471.6294428933,26470.304036738307,0.04499983787536621,4.418999910354614
2,2,10,black_box,reopt_pwldr,25690.640889875303,25718.362471022825,0.04499983787536621,4.418999910354614
2,2,10,local_search,obj_pwldr,26506.297537854673,26504.05479633114,0.04499983787536621,1.0090000629425049
2,2,10,local_search,dr_pwldr,26471.6294428933,26470.42260831316,0.04499983787536621,1.0090000629425049
2,2,10,local_search,reopt_pwldr,25690.640889875303,25714.45165606247,0.04499983787536621,1.0090000629425049
2,3,1,black_box,obj_pwldr,27218.56624122432,27113.40138312073,0.01900005340576172,1.065999984741211
2,3,1,black_box,dr_pwldr,27067.522929465056,26993.700284993127,0.01900005340576172,1.065999984741211
2,3,1,black_box,reopt_pwldr,25633.05731201218,26143.59271294471,0.01900005340576172,1.065999984741211
2,3,1,local_search,obj_pwldr,27218.56624122432,27113.40138312073,0.01900005340576172,0.04200005531311035
2,3,1,local_search,dr_pwldr,27067.522929465056,26993.700284993127,0.01900005340576172,0.04200005531311035
2,3,1,local_search,reopt_pwldr,25633.05731201218,26143.59271294471,0.01900005340576172,0.04200005531311035
2,3,2,black_box,obj_pwldr,27120.622784096086,27108.534400404078,0.023000001907348633,1.2649998664855957
2,3,2,black_box,dr_pwldr,27009.83422641988,26985.99620430126,0.023000001907348633,1.2649998664855957
2,3,2,black_box,reopt_pwldr,26297.518467246195,26184.915347399143,0.023000001907348633,1.2649998664855957
2,3,2,local_search,obj_pwldr,27120.622784096086,27108.280757752495,0.023000001907348633,0.07800006866455078
2,3,2,local_search,dr_pwldr,27009.83422641988,26988.950200602903,0.023000001907348633,0.07800006866455078
2,3,2,local_search,reopt_pwldr,26297.518467246195,26240.44678476665,0.023000001907348633,0.07800006866455078
2,3,3,black_box,obj_pwldr,27198.81776715854,27107.281344804385,0.02700018882751465,1.497999906539917
2,3,3,black_box,dr_pwldr,27110.461137134553,26985.27001789302,0.02700018882751465,1.497999906539917
2,3,3,black_box,reopt_pwldr,26676.466704863222,26189.368997497844,0.02700018882751465,1.497999906539917
2,3,3,local_search,obj_pwldr,27198.81776715854,27107.28134480439,0.02700018882751465,0.08700013160705566
2,3,3,local_search,dr_pwldr,27110.461137134553,26985.270017893024,0.02700018882751465,0.08700013160705566
2,3,3,local_search,reopt_pwldr,26676.466704863222,26189.368997497844,0.02700018882751465,0.08700013160705566
2,3,4,black_box,obj_pwldr,27113.84131636595,27107.286752655888,0.04400014877319336,1.6959998607635498
2,3,4,black_box,dr_pwldr,26986.161694902283,26985.172226674917,0.04400014877319336,1.6959998607635498
2,3,4,black_box,reopt_pwldr,26087.43836523028,26188.0415139942,0.04400014877319336,1.6959998607635498
2,3,4,local_search,obj_pwldr,27113.84131636595,27107.218102646424,0.04400014877319336,0.1660001277923584
2,3,4,local_search,dr_pwldr,26986.161694902283,26987.02611012935,0.04400014877319336,0.1660001277923584
2,3,4,local_search,reopt_pwldr,26087.43836523028,26219.84430701648,0.04400014877319336,0.1660001277923584
2,3,5,black_box,obj_pwldr,27117.167703445273,27107.39843114727,0.021999835968017578,2.061000108718872
2,3,5,black_box,dr_pwldr,27006.51530720813,26988.829647523682,0.021999835968017578,2.061000108718872
2,3,5,black_box,reopt_pwldr,26390.596955323916,26252.870434698965,0.021999835968017578,2.061000108718872
2,3,5,local_search,obj_pwldr,27117.167703445273,27107.029565953686,0.021999835968017578,0.21600008010864258
2,3,5,local_search,dr_pwldr,27006.51530720813,26986.743334265764,0.021999835968017578,0.21600008010864258
2,3,5,local_search,reopt_pwldr,26390.596955323916,26224.84468095164,0.021999835968017578,0.21600008010864258
2,3,6,black_box,obj_pwldr,27127.365431243616,27107.283586395395,0.032000064849853516,2.3289999961853027
2,3,6,black_box,dr_pwldr,26992.409012865308,26986.17633039667,0.032000064849853516,2.3289999961853027
2,3,6,black_box,reopt_pwldr,25957.5132551901,26210.291729598688,0.032000064849853516,2.3289999961853027
2,3,6,local_search,obj_pwldr,27127.365431243616,27107.283586395395,0.032000064849853516,0.23199987411499023
2,3,6,local_search,dr_pwldr,26992.409012865308,26986.17633039667,0.032000064849853516,0.23199987411499023
2,3,6,local_search,reopt_pwldr,25957.5132551901,26210.291729598688,0.032000064849853516,0.23199987411499023
2,3,7,black_box,obj_pwldr,27106.994222944148,27106.967328737137,0.03600001335144043,2.7929999828338623
2,3,7,black_box,dr_pwldr,26985.346600481174,26986.69493435752,0.03600001335144043,2.7929999828338623
2,3,7,black_box,reopt_pwldr,26201.122836515387,26225.31145556269,0.03600001335144043,2.7929999828338623
2,3,7,local_search,obj_pwldr,27106.994222944148,27106.967328737137,0.03600001335144043,0.29399991035461426
2,3,7,local_search,dr_pwldr,26985.346600481174,26986.69493435752,0.03600001335144043,0.29399991035461426
2,3,7,local_search,reopt_pwldr,26201.122836515387,26225.31145556269,0.03600001335144043,0.29399991035461426
2,3,8,black_box,obj_pwldr,27116.248074595944,27106.958203530437,0.05299997329711914,3.0160000324249268
2,3,8,black_box,dr_pwldr,27005.60056237563,26985.774171732548,0.05299997329711914,3.0160000324249268
2,3,8,black_box,reopt_pwldr,26379.883981957504,26209.156573299813,0.05299997329711914,3.0160000324249268
2,3,8,local_search,obj_pwldr,27116.248074595944,27106.958203530437,0.05299997329711914,0.3940000534057617
2,3,8,local_search,dr_pwldr,27005.60056237563,26985.774171732548,0.05299997329711914,0.3940000534057617
2,3,8,local_search,reopt_pwldr,26379.883981957504,26209.156573299813,0.05299997329711914,0.3940000534057617
2,3,9,black_box,obj_pwldr,27112.257531426156,27107.04781753519,0.042999982833862305,3.437999963760376
2,3,9,black_box,dr_pwldr,26984.539393325238,26985.84474342566,0.042999982833862305,3.437999963760376
2,3,9,black_box,reopt_pwldr,26087.43836523028,26208.682570458564,0.042999982833862305,3.437999963760376
2,3,9,local_search,obj_pwldr,27112.257531426156,27107.026765838917,0.042999982833862305,0.8559999465942383
2,3,9,local_search,dr_pwldr,26984.539393325238,26986.77088463491,0.042999982833862305,0.8559999465942383
2,3,9,local_search,reopt_pwldr,26087.43836523028,26225.491553976684,0.042999982833862305,0.8559999465942383
2,3,10,black_box,obj_pwldr,27107.74740112981,27106.942324677584,0.04500007629394531,3.864000082015991
2,3,10,black_box,dr_pwldr,26989.164490936473,26985.815998177062,0.04500007629394531,3.864000082015991
2,3,10,black_box,reopt_pwldr,26252.79759619041,26210.187063694193,0.04500007629394531,3.864000082015991
2,3,10,local_search,obj_pwldr,27107.74740112981,27106.94232467758,0.04500007629394531,0.9749999046325684
2,3,10,local_search,dr_pwldr,26989.164490936473,26985.815998177062,0.04500007629394531,0.9749999046325684
2,3,10,local_search,reopt_pwldr,26252.79759619041,26210.18706369419,0.04500007629394531,0.9749999046325684
2,4,1,black_box,obj_pwldr,27095.461064156367,27004.522500122926,0.019999980926513672,1.005000114440918
2,4,1,black_box,dr_pwldr,27037.8968364905,26947.34791324255,0.019999980926513672,1.005000114440918
2,4,1,black_box,reopt_pwldr,25633.05731201218,26055.037701316924,0.019999980926513672,1.005000114440918
2,4,1,local_search,obj_pwldr,27095.461064156367,27004.522500122926,0.019999980926513672,0.0409998893737793
2,4,1,local_search,dr_pwldr,27037.8968364905,26947.34791324255,0.019999980926513672,0.0409998893737793
2,4,1,local_search,reopt_pwldr,25633.05731201218,26055.037701316924,0.019999980926513672,0.0409998893737793
2,4,2,black_box,obj_pwldr,27023.61777426553,26998.904647380285,0.02700018882751465,1.2400000095367432
2,4,2,black_box,dr_pwldr,26966.604995081143,26940.908307804188,0.02700018882751465,1.2400000095367432
2,4,2,black_box,reopt_pwldr,26297.5184672462,26165.498818179185,0.02700018882751465,1.2400000095367432
2,4,2,local_search,obj_pwldr,27023.61777426553,26998.904647380285,0.02700018882751465,0.05499982833862305
2,4,2,local_search,dr_pwldr,26966.604995081143,26940.908307804188,0.02700018882751465,0.05499982833862305
2,4,2,local_search,reopt_pwldr,26297.5184672462,26165.498818179185,0.02700018882751465,0.05499982833862305
2,4,3,black_box,obj_pwldr,27088.759230346346,26998.45081997866,0.021000146865844727,1.6050000190734863
2,4,3,black_box,dr_pwldr,27031.262526920604,26940.476742646464,0.021000146865844727,1.6050000190734863
2,4,3,black_box,reopt_pwldr,25633.05731201218,26140.515164564807,0.021000146865844727,1.6050000190734863
2,4,3,local_search,obj_pwldr,27088.759230346346,26998.45081997866,0.021000146865844727,0.08699989318847656
2,4,3,local_search,dr_pwldr,27031.262526920604,26940.476742646464,0.021000146865844727,0.08699989318847656
2,4,3,local_search,reopt_pwldr,25633.05731201218,26140.515164564807,0.021000146865844727,0.08699989318847656
2,4,4,black_box,obj_pwldr,27001.26100221338,26998.46907620401,0.029999971389770508,1.945000171661377
2,4,4,black_box,dr_pwldr,26943.51984099459,26940.497391527977,0.029999971389770508,1.945000171661377
2,4,4,black_box,reopt_pwldr,26087.43836523028,26140.95608471607,0.029999971389770508,1.945000171661377
2,4,4,local_search,obj_pwldr,27001.26100221338,26998.469076204015,0.029999971389770508,0.14899992942810059
2,4,4,local_search,dr_pwldr,26943.51984099459,26940.49739152798,0.029999971389770508,0.14899992942810059
2,4,4,local_search,reopt_pwldr,26087.43836523028,26140.95608471607,0.029999971389770508,0.14899992942810059
2,4,5,black_box,obj_pwldr,27021.707623049508,26998.478625792166,0.0410001277923584,2.239000082015991
2,4,5,black_box,dr_pwldr,26963.789675077733,26940.54328917414,0.0410001277923584,2.239000082015991
2,4,5,black_box,reopt_pwldr,26390.596955323916,26123.481018430957,0.0410001277923584,2.239000082015991
2,4,5,local_search,obj_pwldr,27021.707623049508,26998.478625792166,0.0410001277923584,0.20299983024597168
2,4,5,local_search,dr_pwldr,26963.789675077733,26940.54328917414,0.0410001277923584,0.20299983024597168
2,4,5,local_search,reopt_pwldr,26390.596955323916,26123.481018430957,0.0410001277923584,0.20299983024597168
2,4,6,black_box,obj_pwldr,27009.58991393941,26998.63998746074,0.0280001163482666,2.809000015258789
2,4,6,black_box,dr_pwldr,26953.443053332434,26940.651586864737,0.0280001163482666,2.809000015258789
2,4,6,black_box,reopt_pwldr,25957.5132551901,26146.145762506196,0.0280001163482666,2.809000015258789
2,4,6,local_search,obj_pwldr,27009.58991393941,26998.44403135034,0.0280001163482666,0.6490001678466797
2,4,6,local_search,dr_pwldr,26953.443053332434,26940.479270393607,0.0280001163482666,0.6490001678466797
2,4,6,local_search,reopt_pwldr,25957.5132551901,26133.023656477002,0.0280001163482666,0.6490001678466797
2,4,7,black_box,obj_pwldr,26999.93342380925,26998.46711668846,0.04700016975402832,3.392000198364258
2,4,7,black_box,dr_pwldr,26942.072160757678,26940.4761222139,0.04700016975402832,3.392000198364258
2,4,7,black_box,reopt_pwldr,26201.122836515387,26140.948784039694,0.04700016975402832,3.392000198364258
2,4,7,local_search,obj_pwldr,26999.93342380925,26998.46711668846,0.04700016975402832,0.3059999942779541
2,4,7,local_search,dr_pwldr,26942.072160757678,26940.4761222139,0.04700016975402832,0.3059999942779541
2,4,7,local_search,reopt_pwldr,26201.122836515387,26140.948784039694,0.04700016975402832,0.3059999942779541
2,4,8,black_box,obj_pwldr,27019.916003600683,26998.41718906529,0.04500007629394531,3.5179998874664307
2,4,8,black_box,dr_pwldr,26964.27014944264,26940.43684482775,0.04500007629394531,3.5179998874664307
2,4,8,black_box,reopt_pwldr,25885.396115394105,26139.54796784676,0.04500007629394531,3.5179998874664307
2,4,8,local_search,obj_pwldr,27019.916003600683,26998.41718906529,0.04500007629394531,0.35899996757507324
2,4,8,local_search,dr_pwldr,26964.27014944264,26940.43684482775,0.04500007629394531,0.35899996757507324
2,4,8,local_search,reopt_pwldr,25885.396115394105,26139.54796784676,0.04500007629394531,0.35899996757507324
2,4,9,black_box,obj_pwldr,26999.55705651565,26998.4250722582,0.04400014877319336,3.990999937057495
2,4,9,black_box,dr_pwldr,26941.819200250335,26940.443550497577,0.04400014877319336,3.990999937057495
2,4,9,black_box,reopt_pwldr,26087.43836523028,26140.57250733316,0.04400014877319336,3.990999937057495
2,4,9,local_search,obj_pwldr,26999.55705651565,26998.425072258215,0.04400014877319336,0.4679999351501465
2,4,9,local_search,dr_pwldr,26941.819200250335,26940.443550497603,0.04400014877319336,0.4679999351501465
2,4,9,local_search,reopt_pwldr,26087.43836523028,26140.572507333185,0.04400014877319336,0.4679999351501465
2,4,10,black_box,obj_pwldr,27003.598528156595,26998.591574945163,0.05900001525878906,4.427999973297119
2,4,10,black_box,dr_pwldr,26945.58213811009,26940.580628909414,0.05900001525878906,4.427999973297119
2,4,10,black_box,reopt_pwldr,26252.79759619041,26155.43112751483,0.05900001525878906,4.427999973297119
2,4,10,local_search,obj_pwldr,27003.598528156595,26998.467268402568,0.05900001525878906,0.6549999713897705
2,4,10,local_search,dr_pwldr,26945.58213811009,26940.485391347203,0.05900001525878906,0.6549999713897705
2,4,10,local_search,reopt_pwldr,26252.79759619041,26139.367285512337,0.05900001525878906,0.6549999713897705
3,1,1,black_box,obj_pwldr,26179.63506449152,26109.299905428114,0.01900005340576172,0.8839998245239258
3,1,1,black_box,dr_pwldr,26287.080087174512,26198.461921162085,0.01900005340576172,0.8839998245239258
3,1,1,black_box,reopt_pwldr,24885.288077461613,25358.050954616752,0.01900005340576172,0.8839998245239258
3,1,1,local_search,obj_pwldr,26179.63506449152,26109.299905428114,0.01900005340576172,0.0409998893737793
3,1,1,local_search,dr_pwldr,26287.080087174512,26198.461921162085,0.01900005340576172,0.0409998893737793
3,1,1,local_search,reopt_pwldr,24885.288077461613,25358.050954616752,0.01900005340576172,0.0409998893737793
3,1,2,black_box,obj_pwldr,26123.760478561435,26109.325712907314,0.026000022888183594,1.1080000400543213
3,1,2,black_box,dr_pwldr,26203.088152508823,26198.10589183551,0.026000022888183594,1.1080000400543213
3,1,2,black_box,reopt_pwldr,25572.212965707953,25366.938306842672,0.026000022888183594,1.1080000400543213
3,1,2,local_search,obj_pwldr,26123.760478561435,26109.325712907314,0.026000022888183594,0.054000139236450195
3,1,2,local_search,dr_pwldr,26203.088152508823,26198.10589183551,0.026000022888183594,0.054000139236450195
3,1,2,local_search,reopt_pwldr,25572.212965707953,25366.938306842672,0.026000022888183594,0.054000139236450195
3,1,3,black_box,obj_pwldr,26179.635064491526,26109.29990429326,0.023999929428100586,1.432999849319458
3,1,3,black_box,dr_pwldr,26287.080087174512,26198.47561910828,0.023999929428100586,1.432999849319458
3,1,3,black_box,reopt_pwldr,24885.288077461613,25357.724566527268,0.023999929428100586,1.432999849319458
3,1,3,local_search,obj_pwldr,26179.635064491526,26109.29990429326,0.023999929428100586,0.08500003814697266
3,1,3,local_search,dr_pwldr,26287.080087174512,26198.47561910828,0.023999929428100586,0.08500003814697266
3,1,3,local_search,reopt_pwldr,24885.288077461613,25357.724566527268,0.023999929428100586,0.08500003814697266
3,1,4,black_box,obj_pwldr,26110.45126466043,26109.301060718008,0.0279998779296875,1.7139999866485596
3,1,4,black_box,dr_pwldr,26201.959003801207,26198.388290327122,0.0279998779296875,1.7139999866485596
3,1,4,black_box,reopt_pwldr,25297.404064471324,25359.80539483396,0.0279998779296875,1.7139999866485596
3,1,4,local_search,obj_pwldr,26110.45126466043,26109.301060718008,0.0279998779296875,0.11400008201599121
3,1,4,local_search,dr_pwldr,26201.959003801207,26198.388290327122,0.0279998779296875,0.11400008201599121
3,1,4,local_search,reopt_pwldr,25297.404064471324,25359.80539483396,0.0279998779296875,0.11400008201599121
3,1,5,black_box,obj_pwldr,26123.760478561442,26109.301214778443,0.03600001335144043,1.944000005722046
3,1,5,black_box,dr_pwldr,26203.088152508826,26198.38311606758,0.03600001335144043,1.944000005722046
3,1,5,black_box,reopt_pwldr,25572.212965707953,25359.92868460979,0.03600001335144043,1.944000005722046
3,1,5,local_search,obj_pwldr,26123.760478561442,26109.30121477845,0.03600001335144043,0.23600006103515625
3,1,5,local_search,dr_pwldr,26203.088152508826,26198.383116067587,0.03600001335144043,0.23600006103515625
3,1,5,local_search,reopt_pwldr,25572.212965707953,25359.928684609793,0.03600001335144043,0.23600006103515625
3,1,6,black_box,obj_pwldr,26119.302029426548,26109.299911229213,0.032000064849853516,2.243000030517578
3,1,6,black_box,dr_pwldr,26216.67065248992,26198.45991367681,0.032000064849853516,2.243000030517578
3,1,6,black_box,reopt_pwldr,25179.628821084203,25358.098788013314,0.032000064849853516,2.243000030517578
3,1,6,local_search,obj_pwldr,26119.302029426548,26109.299897214285,0.032000064849853516,0.3639998435974121
3,1,6,local_search,dr_pwldr,26216.67065248992,26198.466957883196,0.032000064849853516,0.3639998435974121
3,1,6,local_search,reopt_pwldr,25179.628821084203,25357.930942041872,0.032000064849853516,0.3639998435974121
3,1,7,black_box,obj_pwldr,26109.87049358065,26109.304414597453,0.03900003433227539,2.6480000019073486
3,1,7,black_box,dr_pwldr,26197.23403149403,26198.62800006261,0.03900003433227539,2.6480000019073486
3,1,7,black_box,reopt_pwldr,25400.45740243505,25354.093706239175,0.03900003433227539,2.6480000019073486
3,1,7,local_search,obj_pwldr,26109.87049358065,26109.304414597453,0.03900003433227539,0.2690000534057617
3,1,7,local_search,dr_pwldr,26197.23403149403,26198.62800006261,0.03900003433227539,0.2690000534057617
3,1,7,local_search,reopt_pwldr,25400.45740243505,25354.093706239175,0.03900003433227539,0.2690000534057617
3,1,8,black_box,obj_pwldr,26123.760478561435,26109.299938176813,0.04800009727478027,2.990000009536743
3,1,8,black_box,dr_pwldr,26203.088152508826,26198.45372524387,0.04800009727478027,2.990000009536743
3,1,8,black_box,reopt_pwldr,25572.212965707953,25358.24624302575,0.04800009727478027,2.990000009536743
3,1,8,local_search,obj_pwldr,26123.760478561435,26109.299938176813,0.04800009727478027,0.3339998722076416
3,1,8,local_search,dr_pwldr,26203.088152508826,26198.45372524387,0.04800009727478027,0.3339998722076416
3,1,8,local_search,reopt_pwldr,25572.212965707953,25358.24624302575,0.04800009727478027,0.3339998722076416
3,1,9,black_box,obj_pwldr,26110.45126466043,26109.299909489837,0.04200005531311035,3.3999998569488525
3,1,9,black_box,dr_pwldr,26201.959003801207,26198.460465889206,0.04200005531311035,3.3999998569488525
3,1,9,black_box,reopt_pwldr,25297.404064471324,25358.085630161342,0.04200005531311035,3.3999998569488525
3,1,9,local_search,obj_pwldr,26110.45126466043,26109.299909489837,0.04200005531311035,0.4309999942779541
3,1,9,local_search,dr_pwldr,26201.959003801207,26198.460465889206,0.04200005531311035,0.4309999942779541
3,1,9,local_search,reopt_pwldr,25297.404064471324,25358.085630161342,0.04200005531311035,0.4309999942779541
3,1,10,black_box,obj_pwldr,26111.816778313372,26109.300030059338,0.0559999942779541,3.7760000228881836
3,1,10,black_box,dr_pwldr,26197.22595867731,26198.44166166412,0.0559999942779541,3.7760000228881836
3,1,10,black_box,reopt_pwldr,25447.299828782165,25358.533688218497,0.0559999942779541,3.7760000228881836
3,1,10,local_search,obj_pwldr,26111.816778313372,26109.300030059338,0.0559999942779541,0.9210000038146973
3,1,10,local_search,dr_pwldr,26197.22595867731,26198.44166166412,0.0559999942779541,0.9210000038146973
3,1,10,local_search,reopt_pwldr,25447.299828782165,25358.533688218497,0.0559999942779541,0.9210000038146973
3,2,1,black_box,obj_pwldr,25625.770485511788,25593.484491565465,0.026000022888183594,0.9189999103546143
3,2,1,black_box,dr_pwldr,25644.185125148586,25617.33718829014,0.026000022888183594,0.9189999103546143
3,2,1,black_box,reopt_pwldr,24885.288077461613,25142.717669067202,0.026000022888183594,0.9189999103546143
3,2,1,local_search,obj_pwldr,25625.770485511788,25593.484491565465,0.026000022888183594,0.03299999237060547
3,2,1,local_search,dr_pwldr,25644.185125148586,25617.33718829014,0.026000022888183594,0.03299999237060547
3,2,1,local_search,reopt_pwldr,24885.288077461613,25142.717669067202,0.026000022888183594,0.03299999237060547
3,2,2,black_box,obj_pwldr,25720.459528699354,25592.764503954913,0.037000179290771484,1.2630000114440918
3,2,2,black_box,dr_pwldr,25746.755678444668,25616.453880622023,0.037000179290771484,1.2630000114440918
3,2,2,black_box,reopt_pwldr,25572.212965707953,25114.888496970605,0.037000179290771484,1.2630000114440918
3,2,2,local_search,obj_pwldr,25720.459528699354,25592.764503954913,0.037000179290771484,0.0559999942779541
3,2,2,local_search,dr_pwldr,25746.755678444668,25616.453880622023,0.037000179290771484,0.0559999942779541
3,2,2,local_search,reopt_pwldr,25572.212965707953,25114.888496970605,0.037000179290771484,0.0559999942779541
3,2,3,black_box,obj_pwldr,25625.77048551178,25592.744927497286,0.02500009536743164,1.5350000858306885
3,2,3,black_box,dr_pwldr,25644.185125148586,25616.381011832054,0.02500009536743164,1.5350000858306885
3,2,3,black_box,reopt_pwldr,24885.288077461613,25105.957657956766,0.02500009536743164,1.5350000858306885
3,2,3,local_search,obj_pwldr,25625.77048551178,25592.744927497286,0.02500009536743164,0.10100007057189941
3,2,3,local_search,dr_pwldr,25644.185125148586,25616.381011832054,0.02500009536743164,0.10100007057189941
3,2,3,local_search,reopt_pwldr,24885.288077461613,25105.957657956766,0.02500009536743164,0.10100007057189941
3,2,4,black_box,obj_pwldr,25615.14083629406,25592.740341310793,0.0280001163482666,1.8559999465942383
3,2,4,black_box,dr_pwldr,25638.897563773382,25616.404410009327,0.0280001163482666,1.8559999465942383
3,2,4,black_box,reopt_pwldr,25297.404064471324,25109.497993493922,0.0280001163482666,1.8559999465942383
3,2,4,local_search,obj_pwldr,25615.14083629406,25592.740341310793,0.0280001163482666,0.1529998779296875
3,2,4,local_search,dr_pwldr,25638.897563773382,25616.404410009327,0.0280001163482666,0.1529998779296875
3,2,4,local_search,reopt_pwldr,25297.404064471324,25109.497993493922,0.0280001163482666,0.1529998779296875
3,2,5,black_box,obj_pwldr,25625.770485511788,25592.740056515006,0.03299999237060547,2.2330000400543213
3,2,5,black_box,dr_pwldr,25644.185125148586,25616.395890004143,0.03299999237060547,2.2330000400543213
3,2,5,black_box,reopt_pwldr,24885.288077461613,25108.337278536233,0.03299999237060547,2.2330000400543213
3,2,5,local_search,obj_pwldr,25625.770485511788,25592.740056515006,0.03299999237060547,0.1940000057220459
3,2,5,local_search,dr_pwldr,25644.185125148586,25616.395890004143,0.03299999237060547,0.1940000057220459
3,2,5,local_search,reopt_pwldr,24885.288077461613,25108.337278536233,0.03299999237060547,0.1940000057220459
3,2,6,black_box,obj_pwldr,25595.96301999092,25592.743544790403,0.03299999237060547,2.630000114440918
3,2,6,black_box,dr_pwldr,25619.87125281403,25616.416406102184,0.03299999237060547,2.630000114440918
3,2,6,black_box,reopt_pwldr,25179.628821084203,25111.082516411116,0.03299999237060547,2.630000114440918
3,2,6,local_search,obj_pwldr,25595.96301999092,25592.743544790403,0.03299999237060547,0.24699997901916504
3,2,6,local_search,dr_pwldr,25619.87125281403,25616.416406102184,0.03299999237060547,0.24699997901916504
3,2,6,local_search,reopt_pwldr,25179.628821084203,25111.082516411116,0.03299999237060547,0.24699997901916504
3,2,7,black_box,obj_pwldr,25625.770485511788,25592.74459516742,0.04999995231628418,2.9570000171661377
3,2,7,black_box,dr_pwldr,25644.185125148586,25616.419272125713,0.04999995231628418,2.9570000171661377
3,2,7,black_box,reopt_pwldr,24885.288077461613,25111.405178769743,0.04999995231628418,2.9570000171661377
3,2,7,local_search,obj_pwldr,25625.770485511788,25592.74459516742,0.04999995231628418,0.3080000877380371
3,2,7,local_search,dr_pwldr,25644.185125148586,25616.419272125713,0.04999995231628418,0.3080000877380371
3,2,7,local_search,reopt_pwldr,24885.288077461613,25111.405178769743,0.04999995231628418,0.3080000877380371
3,2,8,black_box,obj_pwldr,25592.759312350176,25592.749427892162,0.051000118255615234,4.006999969482422
3,2,8,black_box,dr_pwldr,25616.44702148641,25616.37633897627,0.051000118255615234,4.006999969482422
3,2,8,black_box,reopt_pwldr,25114.198130313533,25104.90400305573,0.051000118255615234,4.006999969482422
3,2,8,local_search,obj_pwldr,25592.759312350176,25592.749427892162,0.051000118255615234,0.41100001335144043
3,2,8,local_search,dr_pwldr,25616.44702148641,25616.37633897627,0.051000118255615234,0.41100001335144043
3,2,8,local_search,reopt_pwldr,25114.198130313533,25104.90400305573,0.051000118255615234,0.41100001335144043
3,2,9,black_box,obj_pwldr,25615.14083629406,25592.74488345566,0.057000160217285156,4.006999969482422
3,2,9,black_box,dr_pwldr,25638.897563773382,25616.38107020008,0.057000160217285156,4.006999969482422
3,2,9,black_box,reopt_pwldr,25297.404064471324,25105.96995859021,0.057000160217285156,4.006999969482422
3,2,9,local_search,obj_pwldr,25615.14083629406,25592.74488345566,0.057000160217285156,0.4659998416900635
3,2,9,local_search,dr_pwldr,25638.897563773382,25616.38107020008,0.057000160217285156,0.4659998416900635
3,2,9,local_search,reopt_pwldr,25297.404064471324,25105.96995859021,0.057000160217285156,0.4659998416900635
3,2,10,black_box,obj_pwldr,25593.590359988335,25592.73996210517,0.042999982833862305,4.687999963760376
3,2,10,black_box,dr_pwldr,25616.97145473265,25616.399367421913,0.042999982833862305,4.687999963760376
3,2,10,black_box,reopt_pwldr,25072.560418004974,25108.811021301757,0.042999982833862305,4.687999963760376
3,2,10,local_search,obj_pwldr,25593.590359988335,25592.73996210517,0.042999982833862305,0.5929999351501465
3,2,10,local_search,dr_pwldr,25616.97145473265,25616.399367421913,0.042999982833862305,0.5929999351501465
3,2,10,local_search,reopt_pwldr,25072.560418004974,25108.811021301757,0.042999982833862305,0.5929999351501465
3,3,1,black_box,obj_pwldr,26172.358208683097,26026.163888513223,0.019999980926513672,1.7239999771118164
3,3,1,black_box,dr_pwldr,26227.656646916224,26072.819957120304,0.019999980926513672,1.7239999771118164
3,3,1,black_box,reopt_pwldr,24885.288077461613,25617.716404139388,0.019999980926513672,1.7239999771118164
3,3,1,local_search,obj_pwldr,26172.358208683097,26026.163888513216,0.019999980926513672,0.07899999618530273
3,3,1,local_search,dr_pwldr,26227.656646916224,26072.8199571203,0.019999980926513672,0.07899999618530273
3,3,1,local_search,reopt_pwldr,24885.288077461613,25617.716404139388,0.019999980926513672,0.07899999618530273
3,3,2,black_box,obj_pwldr,26026.73256174743,26026.121613198386,0.04399991035461426,3.552000045776367
3,3,2,black_box,dr_pwldr,26074.82652740449,26073.013695040227,0.04399991035461426,3.552000045776367
3,3,2,black_box,reopt_pwldr,25572.212965707953,25608.39483251682,0.04399991035461426,3.552000045776367
3,3,2,local_search,obj_pwldr,26026.73256174743,26026.121613198386,0.04399991035461426,0.19099998474121094
3,3,2,local_search,dr_pwldr,26074.82652740449,26073.013695040227,0.04399991035461426,0.19099998474121094
3,3,2,local_search,reopt_pwldr,25572.212965707953,25608.39483251682,0.04399991035461426,0.19099998474121094
3,3,3,black_box,obj_pwldr,26078.241823154774,26026.123220805046,0.046000003814697266,6.20199990272522
3,3,3,black_box,dr_pwldr,26117.00373955583,26073.06184844105,0.046000003814697266,6.20199990272522
3,3,3,black_box,reopt_pwldr,25915.7240922538,25606.50904643067,0.046000003814697266,6.20199990272522
3,3,3,local_search,obj_pwldr,26078.241823154774,26026.123220805046,0.046000003814697266,0.4050002098083496
3,3,3,local_search,dr_pwldr,26117.00373955583,26073.06184844105,0.046000003814697266,0.4050002098083496
3,3,3,local_search,reopt_pwldr,25915.7240922538,25606.50904643067,0.046000003814697266,0.4050002098083496
3,3,4,black_box,obj_pwldr,26063.333682477274,26026.12315858241,0.06099987030029297,9.67199993133545
3,3,4,black_box,dr_pwldr,26117.279094467194,26073.060809199313,0.06099987030029297,9.67199993133545
3,3,4,black_box,reopt_pwldr,25297.404064471324,25606.544891826452,0.06099987030029297,9.67199993133545
3,3,4,local_search,obj_pwldr,26063.333682477274,26026.12315858241,0.06099987030029297,0.622999906539917
3,3,4,local_search,dr_pwldr,26117.279094467194,26073.060809199313,0.06099987030029297,0.622999906539917
3,3,4,local_search,reopt_pwldr,25297.404064471324,25606.544891826452,0.06099987030029297,0.622999906539917
3,3,5,black_box,obj_pwldr,26026.73256174743,26026.121817906558,0.08100008964538574,12.28600001335144
3,3,5,black_box,dr_pwldr,26074.82652740449,26073.030721510037,0.08100008964538574,12.28600001335144
3,3,5,black_box,reopt_pwldr,25572.212965707953,25607.687453983046,0.08100008964538574,12.28600001335144
3,3,5,local_search,obj_pwldr,26026.73256174743,26026.121817906558,0.08100008964538574,0.939000129699707
3,3,5,local_search,dr_pwldr,26074.82652740449,26073.030721510037,0.08100008964538574,0.939000129699707
3,3,5,local_search,reopt_pwldr,25572.212965707953,25607.687453983046,0.08100008964538574,0.939000129699707
3,3,6,black_box,obj_pwldr,26039.491684047887,26026.12185844351,0.11400008201599121,15.556999921798706
3,3,6,black_box,dr_pwldr,26082.03798778261,26073.03226984253,0.11400008201599121,15.556999921798706
3,3,6,black_box,reopt_pwldr,25768.505038019855,25607.625766326917,0.11400008201599121,15.556999921798706
3,3,6,local_search,obj_pwldr,26039.491684047887,26026.12185844351,0.11400008201599121,1.6380000114440918
3,3,6,local_search,dr_pwldr,26082.03798778261,26073.03226984253,0.11400008201599121,1.6380000114440918
3,3,6,local_search,reopt_pwldr,25768.505038019855,25607.625766326917,0.11400008201599121,1.6380000114440918
3,3,7,black_box,obj_pwldr,26044.098963423825,26026.12965561642,0.1399998664855957,19.769999980926514
3,3,7,black_box,dr_pwldr,26097.019876073697,26073.13073849602,0.1399998664855957,19.769999980926514
3,3,7,black_box,reopt_pwldr,25400.45740243505,25604.238727024334,0.1399998664855957,19.769999980926514
3,3,7,local_search,obj_pwldr,26044.098963423825,26026.12965561642,0.1399998664855957,3.169999837875366
3,3,7,local_search,dr_pwldr,26097.019876073697,26073.13073849602,0.1399998664855957,3.169999837875366
3,3,7,local_search,reopt_pwldr,25400.45740243505,25604.238727024334,0.1399998664855957,3.169999837875366
3,3,8,black_box,obj_pwldr,26026.73256174743,26026.12249220499,0.16900014877319336,21.19700002670288
3,3,8,black_box,dr_pwldr,26074.826527404493,26072.983339377646,0.16900014877319336,21.19700002670288
3,3,8,black_box,reopt_pwldr,25572.21296570796,25609.69933145191,0.16900014877319336,21.19700002670288
3,3,8,local_search,obj_pwldr,26026.73256174743,26026.12249220499,0.16900014877319336,2.260999917984009
3,3,8,local_search,dr_pwldr,26074.826527404493,26072.983339377646,0.16900014877319336,2.260999917984009
3,3,8,local_search,reopt_pwldr,25572.21296570796,25609.69933145191,0.16900014877319336,2.260999917984009
3,3,9,black_box,obj_pwldr,26031.31610612156,26026.12165992374,0.16100001335144043,24.5310001373291
3,3,9,black_box,dr_pwldr,26075.672133083674,26073.007377896814,0.16100001335144043,24.5310001373291
3,3,9,black_box,reopt_pwldr,25709.617416326262,25608.660236889293,0.16100001335144043,24.5310001373291
3,3,9,local_search,obj_pwldr,26031.31610612156,26026.12165992374,0.16100001335144043,2.8950002193450928
3,3,9,local_search,dr_pwldr,26075.672133083674,26073.007377896814,0.16100001335144043,2.8950002193450928
3,3,9,local_search,reopt_pwldr,25709.617416326262,25608.660236889293,0.16100001335144043,2.8950002193450928
3,3,10,black_box,obj_pwldr,26037.28149789025,26026.123623405252,0.17799997329711914,27.421000003814697
3,3,10,black_box,dr_pwldr,26089.232446489226,26072.967739029315,0.17799997329711914,27.421000003814697
3,3,10,black_box,reopt_pwldr,25447.299828782165,25610.392545855928,0.17799997329711914,27.421000003814697
3,3,10,local_search,obj_pwldr,26037.28149789025,26026.123623405252,0.17799997329711914,2.9860000610351562
3,3,10,local_search,dr_pwldr,26089.232446489226,26072.96773902931,0.17799997329711914,2.9860000610351562
3,3,10,local_search,reopt_pwldr,25447.299828782165,25610.392545855928,0.17799997329711914,2.9860000610351562
3,4,1,black_box,obj_pwldr,26056.738794005858,26007.92696632076,0.01900005340576172,0.9079999923706055
3,4,1,black_box,dr_pwldr,26113.05249794082,26059.599405978744,0.01900005340576172,0.9079999923706055
3,4,1,black_box,reopt_pwldr,24833.79877687045,25253.051243690545,0.01900005340576172,0.9079999923706055
3,4,1,local_search,obj_pwldr,26056.738794005858,26007.92696632076,0.01900005340576172,0.032000064849853516
3,4,1,local_search,dr_pwldr,26113.05249794082,26059.599405978744,0.01900005340576172,0.032000064849853516
3,4,1,local_search,reopt_pwldr,24833.79877687045,25253.051243690545,0.01900005340576172,0.032000064849853516
3,4,2,black_box,obj_pwldr,25992.978508363034,25962.92521545073,0.020999908447265625,1.1719999313354492
3,4,2,black_box,dr_pwldr,26041.283498636887,26013.654086489092,0.020999908447265625,1.1719999313354492
3,4,2,black_box,reopt_pwldr,25516.328092072352,25268.306813664352,0.020999908447265625,1.1719999313354492
3,4,2,local_search,obj_pwldr,25992.978508363034,25962.92521545073,0.020999908447265625,0.07299995422363281
3,4,2,local_search,dr_pwldr,26041.283498636887,26013.654086489092,0.020999908447265625,0.07299995422363281
3,4,2,local_search,reopt_pwldr,25516.328092072352,25268.306813664352,0.020999908447265625,0.07299995422363281
3,4,3,black_box,obj_pwldr,26023.4326659416,25961.922749634537,0.02200007438659668,1.5130000114440918
3,4,3,black_box,dr_pwldr,26080.113866221443,26012.112871935853,0.02200007438659668,1.5130000114440918
3,4,3,black_box,reopt_pwldr,24833.79877687045,25296.312695571225,0.02200007438659668,1.5130000114440918
3,4,3,local_search,obj_pwldr,26023.4326659416,25960.634812966826,0.02200007438659668,0.22300004959106445
3,4,3,local_search,dr_pwldr,26080.113866221443,26011.715456984573,0.02200007438659668,0.22300004959106445
3,4,3,local_search,reopt_pwldr,24833.79877687045,25253.925427326536,0.02200007438659668,0.22300004959106445
3,4,4,black_box,obj_pwldr,25965.94565791495,25962.012580256403,0.031000137329101562,1.7969999313354492
3,4,4,black_box,dr_pwldr,26017.275578760626,26013.334956420083,0.031000137329101562,1.7969999313354492
3,4,4,black_box,reopt_pwldr,25241.59042533225,25237.565026111883,0.031000137329101562,1.7969999313354492
3,4,4,local_search,obj_pwldr,25965.94565791495,25961.11672068838,0.031000137329101562,0.26999998092651367
3,4,4,local_search,dr_pwldr,26017.275578760626,26012.42604919167,0.031000137329101562,0.26999998092651367
3,4,4,local_search,reopt_pwldr,25241.59042533225,25237.206270002273,0.031000137329101562,0.26999998092651367
3,4,5,black_box,obj_pwldr,25989.5469966731,25960.932846937863,0.03400015830993652,2.180000066757202
3,4,5,black_box,dr_pwldr,26037.87538853246,26012.861132873513,0.03400015830993652,2.180000066757202
3,4,5,black_box,reopt_pwldr,25516.328092072352,25207.983097491793,0.03400015830993652,2.180000066757202
3,4,5,local_search,obj_pwldr,25989.5469966731,25960.90145107846,0.03400015830993652,0.2539999485015869
3,4,5,local_search,dr_pwldr,26037.87538853246,26012.23791271652,0.03400015830993652,0.2539999485015869
3,4,5,local_search,reopt_pwldr,25516.328092072352,25235.264869187595,0.03400015830993652,0.2539999485015869
3,4,6,black_box,obj_pwldr,25965.18256536428,25961.145232068255,0.03900003433227539,2.5290000438690186
3,4,6,black_box,dr_pwldr,26018.795682414366,26012.79058051279,0.03900003433227539,2.5290000438690186
3,4,6,black_box,reopt_pwldr,25125.288138460848,25218.914183714067,0.03900003433227539,2.5290000438690186
3,4,6,local_search,obj_pwldr,25965.18256536428,25960.617878362536,0.03900003433227539,1.0799999237060547
3,4,6,local_search,dr_pwldr,26018.795682414366,26011.862788307044,0.03900003433227539,1.0799999237060547
3,4,6,local_search,reopt_pwldr,25125.288138460848,25240.594835695763,0.03900003433227539,1.0799999237060547
3,4,7,black_box,obj_pwldr,25966.02232783469,25960.021893488774,0.032000064849853516,2.888000011444092
3,4,7,black_box,dr_pwldr,26015.47028485889,26011.7537369421,0.032000064849853516,2.888000011444092
3,4,7,black_box,reopt_pwldr,25348.968101844006,25216.983041913474,0.032000064849853516,2.888000011444092
3,4,7,local_search,obj_pwldr,25966.02232783469,25959.99821293614,0.032000064849853516,0.36700010299682617
3,4,7,local_search,dr_pwldr,26015.47028485889,26011.30658371942,0.032000064849853516,0.36700010299682617
3,4,7,local_search,reopt_pwldr,25348.968101844006,25237.408573173794,0.032000064849853516,0.36700010299682617
3,4,8,black_box,obj_pwldr,25972.199127159212,25960.275001585323,0.03399991989135742,3.3010001182556152
3,4,8,black_box,dr_pwldr,26026.858481738393,26011.86228516282,0.03399991989135742,3.3010001182556152
3,4,8,black_box,reopt_pwldr,25058.31325667791,25223.87541047913,0.03399991989135742,3.3010001182556152
3,4,8,local_search,obj_pwldr,25972.199127159212,25959.848068800122,0.03399991989135742,0.755000114440918
3,4,8,local_search,dr_pwldr,26026.858481738393,26011.07881793578,0.03399991989135742,0.755000114440918
3,4,8,local_search,reopt_pwldr,25058.31325667791,25242.272965712236,0.03399991989135742,0.755000114440918
3,4,9,black_box,obj_pwldr,25960.18499704223,25960.221097949303,0.028999805450439453,4.118000030517578
3,4,9,black_box,dr_pwldr,26011.4041264336,26011.749361902395,0.028999805450439453,4.118000030517578
3,4,9,black_box,reopt_pwldr,25242.300588396676,25225.842305364273,0.028999805450439453,4.118000030517578
3,4,9,local_search,obj_pwldr,25960.18499704223,25960.056421523623,0.028999805450439453,1.0119998455047607
3,4,9,local_search,dr_pwldr,26011.4041264336,26011.283060955382,0.028999805450439453,1.0119998455047607
3,4,9,local_search,reopt_pwldr,25242.300588396676,25241.76064841068,0.028999805450439453,1.0119998455047607
3,4,10,black_box,obj_pwldr,25969.39479149112,25960.298734745073,0.05299997329711914,4.21399998664856
3,4,10,black_box,dr_pwldr,26018.288090192564,26011.72886538182,0.05299997329711914,4.21399998664856
3,4,10,black_box,reopt_pwldr,25393.884264308752,25239.212804639803,0.05299997329711914,4.21399998664856
3,4,10,local_search,obj_pwldr,25969.39479149112,25959.96848683325,0.05299997329711914,1.498000144958496
3,4,10,local_search,dr_pwldr,26018.288090192564,26011.346290168647,0.05299997329711914,1.498000144958496
3,4,10,local_search,reopt_pwldr,25393.884264308752,25238.1116650977,0.05299997329711914,1.498000144958496
